{
	"format_version": "1.12.0",
	"minecraft:geometry": [
		{
			"description": {
				"identifier": "geometry.model",
				"texture_width": 128,
				"texture_height": 128,
				"visible_bounds_width": 3,
				"visible_bounds_height": 4,
				"visible_bounds_offset": [0, 1, 0]
			},
			"bones": [
				{
					"name": "head",
					"pivot": [0, 18, 0],
					"cubes": [
						{"origin": [-4, 18, -4], "size": [8, 8, 8], "uv": [0, 37]},
						{"origin": [-4.3, 17.55, -4.2], "size": [8.5, 8.5, 8.5], "uv": [32, 49]}
					]
				},
				{
					"name": "hair",
					"parent": "head",
					"pivot": [0, 13.75, -1],
					"rotation": [0, 0, -5]
				},
				{
					"name": "bone68",
					"parent": "hair",
					"pivot": [-1, 13.75, 2.75],
					"rotation": [22.5, 0, 5],
					"cubes": [
						{"origin": [-3, 13.34683, 2.22221], "size": [6, 8, 2], "pivot": [0, 0, -3], "rotation": [-7.5, 0, 0], "uv": [96, 13]},
						{"origin": [-2.5, 8.3, 3.97221], "size": [5, 5, 2], "uv": [96, 6]},
						{"origin": [-1.5, 4.3, 3.97221], "size": [3, 4, 2], "uv": [97, 0]}
					]
				},
				{
					"name": "decoration4",
					"parent": "bone68",
					"pivot": [0, 7, 6],
					"rotation": [25, 0, 0],
					"cubes": [
						{"origin": [-0.5, 7.3, 6.25], "size": [1, 1, 1], "uv": [96, 23]}
					]
				},
				{
					"name": "bone10",
					"parent": "decoration4",
					"pivot": [0, 8, 7],
					"rotation": [0, -15, -20]
				},
				{
					"name": "bone",
					"parent": "bone10",
					"pivot": [0, 8, 7],
					"cubes": [
						{"origin": [-3, 7.5, 5.25], "size": [3, 2, 1], "pivot": [0, 0, -2], "rotation": [-5, 0, 0], "uv": [96, 25], "mirror": true}
					]
				},
				{
					"name": "bone14",
					"parent": "decoration4",
					"pivot": [0, 8, 7],
					"rotation": [0, 15, 20],
					"cubes": [
						{"origin": [0, 7.5, 5.25], "size": [3, 2, 1], "pivot": [0, 0, -2], "rotation": [-5, 0, 0], "uv": [96, 25]}
					]
				},
				{
					"name": "bone69",
					"parent": "hair",
					"pivot": [0.6, 14.45, 3],
					"rotation": [10, 0, 15]
				},
				{
					"name": "bone16",
					"parent": "hair",
					"pivot": [0, 13.75, 3],
					"rotation": [10, 0, -15]
				},
				{
					"name": "blink",
					"parent": "head",
					"pivot": [0, 18, 0],
					"cubes": [
						{"origin": [-4, 18, -4.001], "size": [8, 8, 0], "uv": [74, 27]}
					]
				},
				{
					"name": "armRight",
					"pivot": [-3, 15.5, 0],
					"rotation": [0, 0, 25],
					"cubes": [
						{"origin": [-4.84524, 8.81262, -1], "size": [2, 8, 2], "uv": [16, 81]},
						{"origin": [-5.09524, 9.81262, -1.25], "size": [2.5, 7.1, 2.5], "uv": [86, 78]}
					]
				},
				{
					"name": "armLeft",
					"pivot": [3, 16.5, 0],
					"rotation": [0, 0, -25],
					"cubes": [
						{"origin": [2.42262, 8.90631, -1], "size": [2, 8, 2], "uv": [24, 81]},
						{"origin": [2.17262, 9.90631, -1.25], "size": [2.5, 7.1, 2.5], "uv": [86, 11]}
					]
				},
				{
					"name": "body",
					"pivot": [0, 10.5, 0],
					"cubes": [
						{"origin": [-3, 12, -3], "size": [6, 6, 6], "inflate": -0.001, "uv": [64, 58]},
						{"origin": [-2.5, 12, -2.5], "size": [5, 6, 5], "inflate": -0.002, "uv": [74, 0]},
						{"origin": [-3, 9, -3], "size": [6, 3, 6], "uv": [56, 70]}
					]
				},
				{
					"name": "sittingRotationSkirt",
					"parent": "body",
					"pivot": [0, 10.5, 0],
					"cubes": [
						{"origin": [-4.5, 4, -4.5], "size": [9, 3, 9], "uv": [32, 37]},
						{"origin": [-4, 7, -4], "size": [8, 3, 8], "uv": [0, 53]},
						{"origin": [-3.5, 10, -3.5], "size": [7, 2, 7], "uv": [64, 49]}
					]
				},
				{
					"name": "cloth",
					"parent": "body",
					"pivot": [0, 11.5, 0]
				},
				{
					"name": "clothLeft",
					"parent": "cloth",
					"pivot": [2.9, 16, -3.5],
					"rotation": [0, 0, 20],
					"cubes": [
						{"origin": [0.49202, 14.15, -3.501], "size": [4, 4, 7], "uv": [34, 65]}
					]
				},
				{
					"name": "clothRight",
					"parent": "cloth",
					"pivot": [-2.9, 16, -3.5],
					"rotation": [0, 0, -20],
					"cubes": [
						{"origin": [-4.49202, 14.15, -3.501], "size": [4, 4, 7], "uv": [68, 37]}
					]
				},
				{
					"name": "clothMid",
					"parent": "cloth",
					"pivot": [0, 16.8, 6.5],
					"cubes": [
						{"origin": [-1.37742, 15.09392, 3.5], "size": [2.75, 3.75, 0], "uv": [56, 65]},
						{
							"origin": [-1.37742, 14.84392, 3.51],
							"size": [2.75, 0.75, 0],
							"uv": {
								"north": {"uv": [0, 91], "uv_size": [2, 2]},
								"east": {"uv": [0, 91], "uv_size": [2, 2]},
								"south": {"uv": [0, 91], "uv_size": [2, 2]},
								"west": {"uv": [2, 93], "uv_size": [-2, -2]},
								"up": {"uv": [0, 91], "uv_size": [2, 2]},
								"down": {"uv": [0, 91], "uv_size": [2, 2]}
							}
						}
					]
				},
				{
					"name": "decoration",
					"parent": "cloth",
					"pivot": [0, 10.5, -7],
					"cubes": [
						{"origin": [-0.5, 17, -3.75], "size": [1, 1, 1], "uv": [60, 65]}
					]
				},
				{
					"name": "bone2",
					"parent": "decoration",
					"pivot": [0, 17.5, -3.5],
					"rotation": [0, 15, 25],
					"cubes": [
						{"origin": [0, 16, -3.5], "size": [2, 2, 0], "pivot": [0.5, 17, -4], "rotation": [0, 0, -15], "uv": [56, 68]}
					]
				},
				{
					"name": "bone3",
					"parent": "decoration",
					"pivot": [0, 17.5, -3.5],
					"rotation": [0, -15, -25],
					"cubes": [
						{"origin": [-2, 16, -3.5], "size": [2, 2, 0], "pivot": [-0.5, 17, -4], "rotation": [0, 0, 15], "uv": [60, 67]}
					]
				},
				{
					"name": "bone4",
					"parent": "decoration",
					"pivot": [0, 17.5, -3.5],
					"rotation": [-10, 0, 15],
					"cubes": [
						{"origin": [-0.5, 14.5, -3.5], "size": [1, 3, 0], "uv": [46, 76]}
					]
				},
				{
					"name": "bone5",
					"parent": "decoration",
					"pivot": [0, 17.5, -3.5],
					"rotation": [-10, 0, -15],
					"cubes": [
						{"origin": [-0.5, 14.5, -3.5], "size": [1, 3, 0], "uv": [48, 76]}
					]
				},
				{
					"name": "bone7",
					"parent": "cloth",
					"pivot": [0, 19.2, 2.9],
					"rotation": [15, 0, 0],
					"cubes": [
						{"origin": [-4, 4.2, 1.9], "size": [8, 15, 1], "uv": [16, 65]}
					]
				},
				{
					"name": "bone8",
					"parent": "bone7",
					"pivot": [4, 19.2, 2.9],
					"rotation": [0, 20, 0],
					"cubes": [
						{"origin": [4, 4.2, 1.9], "size": [5, 15, 1], "uv": [74, 11]}
					]
				},
				{
					"name": "bone9",
					"parent": "bone7",
					"pivot": [-4, 19.2, 2.9],
					"rotation": [0, -20, 0],
					"cubes": [
						{"origin": [-9, 4.2, 1.9], "size": [5, 15, 1], "uv": [34, 76]}
					]
				},
				{
					"name": "legLeft",
					"pivot": [2, 9, 0],
					"cubes": [
						{"origin": [0.499, 0, -1.5], "size": [3, 9, 3], "uv": [46, 79]}
					]
				},
				{
					"name": "legRight",
					"pivot": [-2, 9, 0],
					"cubes": [
						{"origin": [-3.499, 0, -1.5], "size": [3, 9, 3], "uv": [58, 79]}
					]
				},
				{
					"name": "chestPlate",
					"pivot": [0, 0, 0]
				},
				{
					"name": "sinFloat",
					"parent": "chestPlate",
					"pivot": [0, 0, 3],
					"cubes": [
						{"origin": [-2.5, 6, 11], "size": [5, 22, 3], "uv": [0, 64]},
						{"origin": [2.5, 17, 11], "size": [5, 5, 3], "uv": [70, 79]},
						{"origin": [-7.5, 17, 11], "size": [5, 5, 3], "uv": [80, 70]},
						{"origin": [-10, 9.5, 3.75], "size": [20, 20, 17.75], "inflate": -6.95, "uv": [0, 0]}
					]
				}
			]
		}
	]
}