{
	"format_version": "1.12.0",
	"minecraft:geometry": [
		{
			"description": {
				"identifier": "geometry.altar",
				"texture_width": 512,
				"texture_height": 512,
				"visible_bounds_width": 10,
				"visible_bounds_height": 8.5,
				"visible_bounds_offset": [0, 3.75, 0]
			},
			"bones": [
				{
					"name": "body",
					"pivot": [0, 0, 0],
					"cubes": [
						{"origin": [-35, 0, -64], "size": [16, 12, 16], "uv": [132, 112]},
						{"origin": [-21.5, 92, -64], "size": [43, 3, 16], "uv": [110, 182]},
						{"origin": [-59.5, 92.5, -64], "size": [39, 3, 16], "pivot": [-26, 94, -56], "rotation": [0, 0, 5], "uv": [0, 182]},
						{"origin": [-45, 58.3, -57], "size": [90, 8, 2], "uv": [0, 222]},
						{"origin": [-30.5, 9, -62.5], "size": [13, 77, 13], "pivot": [-24, 47, -56], "rotation": [0, 0, 5], "uv": [132, 22]},
						{"origin": [-27.5, 85, -63], "size": [14, 8, 14], "uv": [132, 0]},
						{"origin": [-35.01519, 65.12635, -57.5], "size": [7, 4, 3], "pivot": [-31.51519, 67.12635, -56], "rotation": [0, 0, 10], "uv": [0, 214]},
						{"origin": [-18.01519, 65.12635, -57.5], "size": [7, 4, 3], "pivot": [-14.51519, 67.12635, -56], "rotation": [0, 0, -10], "uv": [20, 214]},
						{"origin": [-25.5, 87, -60], "size": [51, 5, 8], "uv": [84, 201]},
						{"origin": [-58.125, 87.75, -60], "size": [34, 5, 8], "pivot": [-28.625, 90, -56], "rotation": [0, 0, 5], "uv": [0, 201]},
						{"origin": [20.5, 92.5, -64], "size": [39, 3, 16], "pivot": [26, 94, -56], "rotation": [0, 0, -5], "uv": [228, 182]},
						{"origin": [24.125, 87.75, -60], "size": [34, 5, 8], "pivot": [28.625, 90, -56], "rotation": [0, 0, -5], "uv": [202, 201]},
						{"origin": [13.5, 85, -63], "size": [14, 8, 14], "uv": [188, 0]},
						{"origin": [17.5, 9, -62.5], "size": [13, 77, 13], "pivot": [24, 47, -56], "rotation": [0, 0, -5], "uv": [184, 22]},
						{"origin": [19, 0, -64], "size": [16, 12, 16], "uv": [196, 112]},
						{"origin": [11.01519, 65.12635, -57.5], "size": [7, 4, 3], "pivot": [14.51519, 67.12635, -56], "rotation": [0, 0, 10], "uv": [40, 214], "mirror": true},
						{"origin": [28.01519, 65.12635, -57.5], "size": [7, 4, 3], "pivot": [31.51519, 67.12635, -56], "rotation": [0, 0, -10], "uv": [60, 214], "mirror": true}
					]
				},
				{
					"name": "bone65",
					"parent": "body",
					"pivot": [0, 96.70592, -56.00001],
					"cubes": [
						{"origin": [-20.5, 114.96259, -47.56088], "size": [41, 2, 14], "pivot": [0, 17.96259, 23.43912], "rotation": [15, 0, 0], "uv": [110, 166]},
						{"origin": [-20.5, 85.97479, -82.25545], "size": [41, 2, 14], "pivot": [0, -11.02521, -27.25545], "rotation": [-15, 0, 0], "uv": [110, 140]},
						{"origin": [-20, 95, -58], "size": [40, 6, 4], "uv": [98, 156]}
					]
				},
				{
					"name": "bone57",
					"parent": "body",
					"pivot": [-40, 98.39342, -56.00001],
					"rotation": [0, 0, 5],
					"cubes": [
						{"origin": [-60.5, 116.65009, -47.56088], "size": [41, 2, 14], "pivot": [-40, 19.65009, 23.43912], "rotation": [15, 0, 0], "uv": [0, 166]},
						{"origin": [-60.5, 87.66229, -82.25545], "size": [41, 2, 14], "pivot": [-40, -9.33771, -27.25545], "rotation": [-15, 0, 0], "uv": [0, 140]},
						{"origin": [-60, 96.6875, -58], "size": [40, 6, 4], "uv": [10, 156]}
					]
				},
				{
					"name": "bone59",
					"parent": "body",
					"pivot": [0, 67.21281, -60.24619],
					"rotation": [2.50192, 0, 0],
					"cubes": [
						{"origin": [-7, 65.21281, -61.24619], "size": [14, 22, 2], "uv": [236, 59]},
						{"origin": [-5.5, 66.71281, -61.94619], "size": [11, 19, 2], "uv": [268, 62]}
					]
				},
				{
					"name": "bone60",
					"parent": "body",
					"pivot": [0, 67.25635, -51.75095],
					"rotation": [-2.50192, 0, 0],
					"cubes": [
						{"origin": [-7, 65.25635, -52.75095], "size": [14, 22, 2], "uv": [236, 83]},
						{"origin": [-5.5, 66.75635, -52.00095], "size": [11, 19, 2], "uv": [268, 83]}
					]
				},
				{
					"name": "bone61",
					"parent": "body",
					"pivot": [0, 0, 0]
				},
				{
					"name": "bone63",
					"parent": "bone61",
					"pivot": [38, 31.75, -56],
					"rotation": [0, 0, 5.00192]
				},
				{
					"name": "bone62",
					"parent": "body",
					"pivot": [0, 0, 0],
					"cubes": [
						{"origin": [-40.25, 0, -58], "size": [4, 8, 4], "inflate": 0.5, "uv": [278, 18]},
						{"origin": [-40.25, 8, -58], "size": [4, 19, 4], "uv": [246, 18]},
						{"origin": [-42, 22, -57], "size": [11, 2, 2], "uv": [274, 42]},
						{"origin": [-45, 27, -58.5], "size": [14, 4, 5], "uv": [236, 41]},
						{"origin": [31, 22, -57], "size": [11, 2, 2], "uv": [274, 46]},
						{"origin": [36.25, 8, -58], "size": [4, 19, 4], "uv": [262, 18]},
						{"origin": [36.25, 0, -58], "size": [4, 8, 4], "inflate": 0.5, "uv": [278, 30]},
						{"origin": [31, 27, -58.5], "size": [14, 4, 5], "uv": [236, 50]}
					]
				},
				{
					"name": "bone64",
					"parent": "bone62",
					"pivot": [-38, 31.75, -56],
					"rotation": [0, 0, -5.00192],
					"cubes": [
						{"origin": [-46.99619, 30.33719, -59], "size": [17, 2, 6], "uv": [245, 2]}
					]
				},
				{
					"name": "bone66",
					"parent": "bone62",
					"pivot": [38, 31.75, -56],
					"rotation": [0, 0, 5.00192],
					"cubes": [
						{"origin": [29.99619, 30.33719, -59], "size": [17, 2, 6], "uv": [245, 10]}
					]
				},
				{
					"name": "bone58",
					"parent": "body",
					"pivot": [40, 98.39342, -56.00001],
					"rotation": [0, 0, -5],
					"cubes": [
						{"origin": [19.5, 116.65009, -47.56088], "size": [41, 2, 14], "pivot": [40, 19.65009, 23.43912], "rotation": [15, 0, 0], "uv": [220, 166]},
						{"origin": [19.5, 87.66229, -82.25545], "size": [41, 2, 14], "pivot": [40, -9.33771, -27.25545], "rotation": [-15, 0, 0], "uv": [220, 140]},
						{"origin": [20, 96.6875, -58], "size": [40, 6, 4], "uv": [186, 156]}
					]
				},
				{
					"name": "pillar",
					"pivot": [0, 0, 0]
				},
				{
					"name": "pillar6",
					"parent": "pillar",
					"pivot": [0, 0, 0],
					"cubes": [
						{"origin": [16, 0, 48], "size": [16, 48, 16], "uv": [0, 0]},
						{"origin": [15.5, 42.5, 47.5], "size": [17, 6, 17], "uv": [64, 21]},
						{"origin": [15.5, 29.5, 47.5], "size": [17, 4, 17], "uv": [64, 0]}
					]
				},
				{
					"name": "bone47",
					"parent": "pillar6",
					"pivot": [-4.25, 27.5, 14.8],
					"rotation": [-9.99811, 9.99811, 45.00011],
					"cubes": [
						{"origin": [4.8713, 48.231, 45.9903], "size": [4, 4, 0], "uv": [48, 0]},
						{"origin": [8.8713, 44.231, 45.9903], "size": [4, 4, 0], "uv": [48, 0]},
						{"origin": [12.8713, 40.231, 45.9903], "size": [4, 4, 0], "uv": [48, 0]}
					]
				},
				{
					"name": "bone48",
					"parent": "pillar6",
					"pivot": [4.25, 27.5, 14.8],
					"rotation": [-9.99811, -9.99811, -45.00011],
					"cubes": [
						{"origin": [24.5542, 13.7821, 46.0799], "size": [4, 4, 0], "uv": [48, 0]},
						{"origin": [20.5542, 9.7821, 46.0799], "size": [4, 4, 0], "uv": [48, 0]},
						{"origin": [16.5542, 5.7821, 46.0799], "size": [4, 4, 0], "uv": [48, 0]}
					]
				},
				{
					"name": "bone49",
					"parent": "pillar6",
					"pivot": [-4.25, 27.5, 33.2],
					"rotation": [9.99811, -9.99811, 45.00011],
					"cubes": [
						{"origin": [16.0195, 37.2521, 64.0799], "size": [4, 4, 0], "uv": [48, 0]},
						{"origin": [20.0195, 33.2521, 64.0799], "size": [4, 4, 0], "uv": [48, 0]},
						{"origin": [24.0195, 29.2521, 64.0799], "size": [4, 4, 0], "uv": [48, 0]}
					]
				},
				{
					"name": "bone50",
					"parent": "pillar6",
					"pivot": [4.25, 27.5, 33.2],
					"rotation": [9.99811, 9.99811, -45.00011],
					"cubes": [
						{"origin": [13.406, 2.8032, 63.9903], "size": [4, 4, 0], "uv": [48, 0]},
						{"origin": [9.406, -1.1968, 63.9903], "size": [4, 4, 0], "uv": [48, 0]},
						{"origin": [5.406, -5.1968, 63.9903], "size": [4, 4, 0], "uv": [48, 0]}
					]
				},
				{
					"name": "bone51",
					"parent": "pillar6",
					"pivot": [0, 0, 24],
					"rotation": [0, 90.00021, 0]
				},
				{
					"name": "bone52",
					"parent": "bone51",
					"pivot": [-4.25, 27.5, 14.8],
					"rotation": [-9.99811, 9.99811, 45.00011],
					"cubes": [
						{"origin": [-32.7012, 6.6383, 38.336], "size": [4, 4, 0], "uv": [48, 0]},
						{"origin": [-28.7012, 2.6383, 38.336], "size": [4, 4, 0], "uv": [48, 0]},
						{"origin": [-24.7012, -1.3617, 38.336], "size": [4, 4, 0], "uv": [48, 0]}
					]
				},
				{
					"name": "bone53",
					"parent": "bone51",
					"pivot": [4.25, 27.5, 14.8],
					"rotation": [-9.99811, -9.99811, -45.00011],
					"cubes": [
						{"origin": [-15.8661, 52.5702, 38.2166], "size": [4, 4, 0], "uv": [48, 0]},
						{"origin": [-19.8661, 48.5702, 38.2166], "size": [4, 4, 0], "uv": [48, 0]},
						{"origin": [-23.8661, 44.5702, 38.2166], "size": [4, 4, 0], "uv": [48, 0]}
					]
				},
				{
					"name": "bone54",
					"parent": "bone51",
					"pivot": [-4.25, 27.5, 33.2],
					"rotation": [9.99811, -9.99811, 45.00011],
					"cubes": [
						{"origin": [-24.3661, -1.5702, 56.2166], "size": [4, 4, 0], "uv": [48, 0]},
						{"origin": [-20.3661, -5.5702, 56.2166], "size": [4, 4, 0], "uv": [48, 0]},
						{"origin": [-16.3661, -9.5702, 56.2166], "size": [4, 4, 0], "uv": [48, 0]}
					]
				},
				{
					"name": "bone55",
					"parent": "bone51",
					"pivot": [4.25, 27.5, 33.2],
					"rotation": [9.99811, 9.99811, -45.00011],
					"cubes": [
						{"origin": [-24.2012, 44.3617, 56.336], "size": [4, 4, 0], "uv": [48, 0]},
						{"origin": [-28.2012, 40.3617, 56.336], "size": [4, 4, 0], "uv": [48, 0]},
						{"origin": [-32.2012, 36.3617, 56.336], "size": [4, 4, 0], "uv": [48, 0]}
					]
				},
				{
					"name": "pillar5",
					"parent": "pillar",
					"pivot": [0, 0, 0],
					"cubes": [
						{"origin": [-32, 0, 48], "size": [16, 48, 16], "uv": [0, 0]},
						{"origin": [-32.5, 42.5, 47.5], "size": [17, 6, 17], "uv": [64, 21]},
						{"origin": [-32.5, 29.5, 47.5], "size": [17, 4, 17], "uv": [64, 0]}
					]
				},
				{
					"name": "bone38",
					"parent": "pillar5",
					"pivot": [4.25, 27.5, 14.8],
					"rotation": [-9.99811, -9.99811, -45.00011],
					"cubes": [
						{"origin": [-8.8713, 48.231, 45.9903], "size": [4, 4, 0], "uv": [48, 0]},
						{"origin": [-12.8713, 44.231, 45.9903], "size": [4, 4, 0], "uv": [48, 0]},
						{"origin": [-16.8713, 40.231, 45.9903], "size": [4, 4, 0], "uv": [48, 0]}
					]
				},
				{
					"name": "bone39",
					"parent": "pillar5",
					"pivot": [-4.25, 27.5, 14.8],
					"rotation": [-9.99811, 9.99811, 45.00011],
					"cubes": [
						{"origin": [-28.5542, 13.7821, 46.0799], "size": [4, 4, 0], "uv": [48, 0]},
						{"origin": [-24.5542, 9.7821, 46.0799], "size": [4, 4, 0], "uv": [48, 0]},
						{"origin": [-20.5542, 5.7821, 46.0799], "size": [4, 4, 0], "uv": [48, 0]}
					]
				},
				{
					"name": "bone40",
					"parent": "pillar5",
					"pivot": [4.25, 27.5, 33.2],
					"rotation": [9.99811, 9.99811, -45.00011],
					"cubes": [
						{"origin": [-20.0195, 37.2521, 64.0799], "size": [4, 4, 0], "uv": [48, 0]},
						{"origin": [-24.0195, 33.2521, 64.0799], "size": [4, 4, 0], "uv": [48, 0]},
						{"origin": [-28.0195, 29.2521, 64.0799], "size": [4, 4, 0], "uv": [48, 0]}
					]
				},
				{
					"name": "bone41",
					"parent": "pillar5",
					"pivot": [-4.25, 27.5, 33.2],
					"rotation": [9.99811, -9.99811, 45.00011],
					"cubes": [
						{"origin": [-17.406, 2.8032, 63.9903], "size": [4, 4, 0], "uv": [48, 0]},
						{"origin": [-13.406, -1.1968, 63.9903], "size": [4, 4, 0], "uv": [48, 0]},
						{"origin": [-9.406, -5.1968, 63.9903], "size": [4, 4, 0], "uv": [48, 0]}
					]
				},
				{
					"name": "bone42",
					"parent": "pillar5",
					"pivot": [0, 0, 24],
					"rotation": [0, -90.00021, 0]
				},
				{
					"name": "bone43",
					"parent": "bone42",
					"pivot": [4.25, 27.5, 14.8],
					"rotation": [-9.99811, -9.99811, -45.00011],
					"cubes": [
						{"origin": [28.7012, 6.6383, 38.336], "size": [4, 4, 0], "uv": [48, 0]},
						{"origin": [24.7012, 2.6383, 38.336], "size": [4, 4, 0], "uv": [48, 0]},
						{"origin": [20.7012, -1.3617, 38.336], "size": [4, 4, 0], "uv": [48, 0]}
					]
				},
				{
					"name": "bone44",
					"parent": "bone42",
					"pivot": [-4.25, 27.5, 14.8],
					"rotation": [-9.99811, 9.99811, 45.00011],
					"cubes": [
						{"origin": [11.8661, 52.5702, 38.2166], "size": [4, 4, 0], "uv": [48, 0]},
						{"origin": [15.8661, 48.5702, 38.2166], "size": [4, 4, 0], "uv": [48, 0]},
						{"origin": [19.8661, 44.5702, 38.2166], "size": [4, 4, 0], "uv": [48, 0]}
					]
				},
				{
					"name": "bone45",
					"parent": "bone42",
					"pivot": [4.25, 27.5, 33.2],
					"rotation": [9.99811, 9.99811, -45.00011],
					"cubes": [
						{"origin": [20.3661, -1.5702, 56.2166], "size": [4, 4, 0], "uv": [48, 0]},
						{"origin": [16.3661, -5.5702, 56.2166], "size": [4, 4, 0], "uv": [48, 0]},
						{"origin": [12.3661, -9.5702, 56.2166], "size": [4, 4, 0], "uv": [48, 0]}
					]
				},
				{
					"name": "bone46",
					"parent": "bone42",
					"pivot": [-4.25, 27.5, 33.2],
					"rotation": [9.99811, -9.99811, 45.00011],
					"cubes": [
						{"origin": [20.2012, 44.3617, 56.336], "size": [4, 4, 0], "uv": [48, 0]},
						{"origin": [24.2012, 40.3617, 56.336], "size": [4, 4, 0], "uv": [48, 0]},
						{"origin": [28.2012, 36.3617, 56.336], "size": [4, 4, 0], "uv": [48, 0]}
					]
				},
				{
					"name": "pillar4",
					"parent": "pillar",
					"pivot": [0, 0, 0],
					"cubes": [
						{"origin": [-64, 0, -32], "size": [16, 48, 16], "uv": [0, 0]},
						{"origin": [-64.5, 42.5, -32.5], "size": [17, 6, 17], "uv": [64, 21]},
						{"origin": [-64.5, 29.5, -32.5], "size": [17, 4, 17], "uv": [64, 0]}
					]
				},
				{
					"name": "bone29",
					"parent": "pillar4",
					"pivot": [4.25, 27.5, -14.8],
					"rotation": [9.99811, 9.99811, -45.00011],
					"cubes": [
						{"origin": [-36.7117, 65.7246, -14.8955], "size": [4, 4, 0], "uv": [48, 0]},
						{"origin": [-40.7117, 61.7246, -14.8955], "size": [4, 4, 0], "uv": [48, 0]},
						{"origin": [-44.7117, 57.7246, -14.8955], "size": [4, 4, 0], "uv": [48, 0]}
					]
				},
				{
					"name": "bone30",
					"parent": "pillar4",
					"pivot": [-4.25, 27.5, -14.8],
					"rotation": [9.99811, -9.99811, 45.00011],
					"cubes": [
						{"origin": [-45.2811, -14.6562, -15.1045], "size": [4, 4, 0], "uv": [48, 0]},
						{"origin": [-41.2811, -18.6562, -15.1045], "size": [4, 4, 0], "uv": [48, 0]},
						{"origin": [-37.2811, -22.6562, -15.1045], "size": [4, 4, 0], "uv": [48, 0]}
					]
				},
				{
					"name": "bone31",
					"parent": "pillar4",
					"pivot": [4.25, 27.5, -33.2],
					"rotation": [-9.99811, -9.99811, -45.00011],
					"cubes": [
						{"origin": [-36.7464, 65.6904, -33.1045], "size": [4, 4, 0], "uv": [48, 0]},
						{"origin": [-40.7464, 61.6904, -33.1045], "size": [4, 4, 0], "uv": [48, 0]},
						{"origin": [-44.7464, 57.6904, -33.1045], "size": [4, 4, 0], "uv": [48, 0]}
					]
				},
				{
					"name": "bone32",
					"parent": "pillar4",
					"pivot": [-4.25, 27.5, -33.2],
					"rotation": [-9.99811, 9.99811, 45.00011],
					"cubes": [
						{"origin": [-45.2464, -14.6904, -32.8955], "size": [4, 4, 0], "uv": [48, 0]},
						{"origin": [-41.2464, -18.6904, -32.8955], "size": [4, 4, 0], "uv": [48, 0]},
						{"origin": [-37.2464, -22.6904, -32.8955], "size": [4, 4, 0], "uv": [48, 0]}
					]
				},
				{
					"name": "bone33",
					"parent": "pillar4",
					"pivot": [0, 0, -24],
					"rotation": [0, 90.00021, 0]
				},
				{
					"name": "bone34",
					"parent": "bone33",
					"pivot": [4.25, 27.5, -14.8],
					"rotation": [9.99811, 9.99811, -45.00011],
					"cubes": [
						{"origin": [11.9743, 35.0766, -69.3114], "size": [4, 4, 0], "uv": [48, 0]},
						{"origin": [7.9743, 31.0766, -69.3114], "size": [4, 4, 0], "uv": [48, 0]},
						{"origin": [3.9743, 27.0766, -69.3114], "size": [4, 4, 0], "uv": [48, 0]}
					]
				},
				{
					"name": "bone35",
					"parent": "bone33",
					"pivot": [-4.25, 27.5, -14.8],
					"rotation": [9.99811, -9.99811, 45.00011],
					"cubes": [
						{"origin": [-15.9743, 35.0766, -69.3114], "size": [4, 4, 0], "uv": [48, 0]},
						{"origin": [-11.9743, 31.0766, -69.3114], "size": [4, 4, 0], "uv": [48, 0]},
						{"origin": [-7.9743, 27.0766, -69.3114], "size": [4, 4, 0], "uv": [48, 0]}
					]
				},
				{
					"name": "bone36",
					"parent": "bone33",
					"pivot": [4.25, 27.5, -33.2],
					"rotation": [-9.99811, -9.99811, -45.00011],
					"cubes": [
						{"origin": [-7.4743, 15.9234, -87.3114], "size": [4, 4, 0], "uv": [48, 0]},
						{"origin": [-11.4743, 11.9234, -87.3114], "size": [4, 4, 0], "uv": [48, 0]},
						{"origin": [-15.4743, 7.9234, -87.3114], "size": [4, 4, 0], "uv": [48, 0]}
					]
				},
				{
					"name": "bone37",
					"parent": "bone33",
					"pivot": [-4.25, 27.5, -33.2],
					"rotation": [-9.99811, 9.99811, 45.00011],
					"cubes": [
						{"origin": [3.4743, 15.9234, -87.3114], "size": [4, 4, 0], "uv": [48, 0]},
						{"origin": [7.4743, 11.9234, -87.3114], "size": [4, 4, 0], "uv": [48, 0]},
						{"origin": [11.4743, 7.9234, -87.3114], "size": [4, 4, 0], "uv": [48, 0]}
					]
				},
				{
					"name": "pillar3",
					"parent": "pillar",
					"pivot": [0, 0, 0],
					"cubes": [
						{"origin": [-64, 0, 16], "size": [16, 48, 16], "uv": [0, 0]},
						{"origin": [-64.5, 42.5, 15.5], "size": [17, 6, 17], "uv": [64, 21]},
						{"origin": [-64.5, 29.5, 15.5], "size": [17, 4, 17], "uv": [64, 0]}
					]
				},
				{
					"name": "bone20",
					"parent": "pillar3",
					"pivot": [4.25, 27.5, 14.8],
					"rotation": [-9.99811, -9.99811, -45.00011],
					"cubes": [
						{"origin": [-36.7117, 65.7246, 14.8955], "size": [4, 4, 0], "uv": [48, 0]},
						{"origin": [-40.7117, 61.7246, 14.8955], "size": [4, 4, 0], "uv": [48, 0]},
						{"origin": [-44.7117, 57.7246, 14.8955], "size": [4, 4, 0], "uv": [48, 0]}
					]
				},
				{
					"name": "bone21",
					"parent": "pillar3",
					"pivot": [-4.25, 27.5, 14.8],
					"rotation": [-9.99811, 9.99811, 45.00011],
					"cubes": [
						{"origin": [-45.2811, -14.6562, 15.1045], "size": [4, 4, 0], "uv": [48, 0]},
						{"origin": [-41.2811, -18.6562, 15.1045], "size": [4, 4, 0], "uv": [48, 0]},
						{"origin": [-37.2811, -22.6562, 15.1045], "size": [4, 4, 0], "uv": [48, 0]}
					]
				},
				{
					"name": "bone22",
					"parent": "pillar3",
					"pivot": [4.25, 27.5, 33.2],
					"rotation": [9.99811, 9.99811, -45.00011],
					"cubes": [
						{"origin": [-36.7464, 65.6904, 33.1045], "size": [4, 4, 0], "uv": [48, 0]},
						{"origin": [-40.7464, 61.6904, 33.1045], "size": [4, 4, 0], "uv": [48, 0]},
						{"origin": [-44.7464, 57.6904, 33.1045], "size": [4, 4, 0], "uv": [48, 0]}
					]
				},
				{
					"name": "bone23",
					"parent": "pillar3",
					"pivot": [-4.25, 27.5, 33.2],
					"rotation": [9.99811, -9.99811, 45.00011],
					"cubes": [
						{"origin": [-45.2464, -14.6904, 32.8955], "size": [4, 4, 0], "uv": [48, 0]},
						{"origin": [-41.2464, -18.6904, 32.8955], "size": [4, 4, 0], "uv": [48, 0]},
						{"origin": [-37.2464, -22.6904, 32.8955], "size": [4, 4, 0], "uv": [48, 0]}
					]
				},
				{
					"name": "bone24",
					"parent": "pillar3",
					"pivot": [0, 0, 24],
					"rotation": [0, -90.00021, 0]
				},
				{
					"name": "bone25",
					"parent": "bone24",
					"pivot": [4.25, 27.5, 14.8],
					"rotation": [-9.99811, -9.99811, -45.00011],
					"cubes": [
						{"origin": [11.9743, 35.0766, 69.3114], "size": [4, 4, 0], "uv": [48, 0]},
						{"origin": [7.9743, 31.0766, 69.3114], "size": [4, 4, 0], "uv": [48, 0]},
						{"origin": [3.9743, 27.0766, 69.3114], "size": [4, 4, 0], "uv": [48, 0]}
					]
				},
				{
					"name": "bone26",
					"parent": "bone24",
					"pivot": [-4.25, 27.5, 14.8],
					"rotation": [-9.99811, 9.99811, 45.00011],
					"cubes": [
						{"origin": [-15.9743, 35.0766, 69.3114], "size": [4, 4, 0], "uv": [48, 0]},
						{"origin": [-11.9743, 31.0766, 69.3114], "size": [4, 4, 0], "uv": [48, 0]},
						{"origin": [-7.9743, 27.0766, 69.3114], "size": [4, 4, 0], "uv": [48, 0]}
					]
				},
				{
					"name": "bone27",
					"parent": "bone24",
					"pivot": [4.25, 27.5, 33.2],
					"rotation": [9.99811, 9.99811, -45.00011],
					"cubes": [
						{"origin": [-7.4743, 15.9234, 87.3114], "size": [4, 4, 0], "uv": [48, 0]},
						{"origin": [-11.4743, 11.9234, 87.3114], "size": [4, 4, 0], "uv": [48, 0]},
						{"origin": [-15.4743, 7.9234, 87.3114], "size": [4, 4, 0], "uv": [48, 0]}
					]
				},
				{
					"name": "bone28",
					"parent": "bone24",
					"pivot": [-4.25, 27.5, 33.2],
					"rotation": [9.99811, -9.99811, 45.00011],
					"cubes": [
						{"origin": [3.4743, 15.9234, 87.3114], "size": [4, 4, 0], "uv": [48, 0]},
						{"origin": [7.4743, 11.9234, 87.3114], "size": [4, 4, 0], "uv": [48, 0]},
						{"origin": [11.4743, 7.9234, 87.3114], "size": [4, 4, 0], "uv": [48, 0]}
					]
				},
				{
					"name": "pillar2",
					"parent": "pillar",
					"pivot": [0, 0, 0],
					"cubes": [
						{"origin": [48, 0, -32], "size": [16, 48, 16], "uv": [0, 0]},
						{"origin": [47.5, 42.5, -32.5], "size": [17, 6, 17], "uv": [64, 21]},
						{"origin": [47.5, 29.5, -32.5], "size": [17, 4, 17], "uv": [64, 0]}
					]
				},
				{
					"name": "bone11",
					"parent": "pillar2",
					"pivot": [-4.25, 27.5, -14.8],
					"rotation": [9.99811, -9.99811, 45.00011],
					"cubes": [
						{"origin": [32.7117, 65.7246, -14.8955], "size": [4, 4, 0], "uv": [48, 0]},
						{"origin": [36.7117, 61.7246, -14.8955], "size": [4, 4, 0], "uv": [48, 0]},
						{"origin": [40.7117, 57.7246, -14.8955], "size": [4, 4, 0], "uv": [48, 0]}
					]
				},
				{
					"name": "bone12",
					"parent": "pillar2",
					"pivot": [4.25, 27.5, -14.8],
					"rotation": [9.99811, 9.99811, -45.00011],
					"cubes": [
						{"origin": [41.2811, -14.6562, -15.1045], "size": [4, 4, 0], "uv": [48, 0]},
						{"origin": [37.2811, -18.6562, -15.1045], "size": [4, 4, 0], "uv": [48, 0]},
						{"origin": [33.2811, -22.6562, -15.1045], "size": [4, 4, 0], "uv": [48, 0]}
					]
				},
				{
					"name": "bone13",
					"parent": "pillar2",
					"pivot": [-4.25, 27.5, -33.2],
					"rotation": [-9.99811, 9.99811, 45.00011],
					"cubes": [
						{"origin": [32.7464, 65.6904, -33.1045], "size": [4, 4, 0], "uv": [48, 0]},
						{"origin": [36.7464, 61.6904, -33.1045], "size": [4, 4, 0], "uv": [48, 0]},
						{"origin": [40.7464, 57.6904, -33.1045], "size": [4, 4, 0], "uv": [48, 0]}
					]
				},
				{
					"name": "bone14",
					"parent": "pillar2",
					"pivot": [4.25, 27.5, -33.2],
					"rotation": [-9.99811, -9.99811, -45.00011],
					"cubes": [
						{"origin": [41.2464, -14.6904, -32.8955], "size": [4, 4, 0], "uv": [48, 0]},
						{"origin": [37.2464, -18.6904, -32.8955], "size": [4, 4, 0], "uv": [48, 0]},
						{"origin": [33.2464, -22.6904, -32.8955], "size": [4, 4, 0], "uv": [48, 0]}
					]
				},
				{
					"name": "bone15",
					"parent": "pillar2",
					"pivot": [0, 0, -24],
					"rotation": [0, -90.00021, 0]
				},
				{
					"name": "bone16",
					"parent": "bone15",
					"pivot": [-4.25, 27.5, -14.8],
					"rotation": [9.99811, -9.99811, 45.00011],
					"cubes": [
						{"origin": [-15.9743, 35.0766, -69.3114], "size": [4, 4, 0], "uv": [48, 0]},
						{"origin": [-11.9743, 31.0766, -69.3114], "size": [4, 4, 0], "uv": [48, 0]},
						{"origin": [-7.9743, 27.0766, -69.3114], "size": [4, 4, 0], "uv": [48, 0]}
					]
				},
				{
					"name": "bone17",
					"parent": "bone15",
					"pivot": [4.25, 27.5, -14.8],
					"rotation": [9.99811, 9.99811, -45.00011],
					"cubes": [
						{"origin": [11.9743, 35.0766, -69.3114], "size": [4, 4, 0], "uv": [48, 0]},
						{"origin": [7.9743, 31.0766, -69.3114], "size": [4, 4, 0], "uv": [48, 0]},
						{"origin": [3.9743, 27.0766, -69.3114], "size": [4, 4, 0], "uv": [48, 0]}
					]
				},
				{
					"name": "bone18",
					"parent": "bone15",
					"pivot": [-4.25, 27.5, -33.2],
					"rotation": [-9.99811, 9.99811, 45.00011],
					"cubes": [
						{"origin": [3.4743, 15.9234, -87.3114], "size": [4, 4, 0], "uv": [48, 0]},
						{"origin": [7.4743, 11.9234, -87.3114], "size": [4, 4, 0], "uv": [48, 0]},
						{"origin": [11.4743, 7.9234, -87.3114], "size": [4, 4, 0], "uv": [48, 0]}
					]
				},
				{
					"name": "bone19",
					"parent": "bone15",
					"pivot": [4.25, 27.5, -33.2],
					"rotation": [-9.99811, -9.99811, -45.00011],
					"cubes": [
						{"origin": [-7.4743, 15.9234, -87.3114], "size": [4, 4, 0], "uv": [48, 0]},
						{"origin": [-11.4743, 11.9234, -87.3114], "size": [4, 4, 0], "uv": [48, 0]},
						{"origin": [-15.4743, 7.9234, -87.3114], "size": [4, 4, 0], "uv": [48, 0]}
					]
				},
				{
					"name": "pillar1",
					"parent": "pillar",
					"pivot": [0, 0, 0],
					"cubes": [
						{"origin": [48, 0, 16], "size": [16, 48, 16], "uv": [0, 0]},
						{"origin": [47.5, 42.5, 15.5], "size": [17, 6, 17], "uv": [64, 21]},
						{"origin": [47.5, 29.5, 15.5], "size": [17, 4, 17], "uv": [64, 0]}
					]
				},
				{
					"name": "bone2",
					"parent": "pillar1",
					"pivot": [-4.25, 27.5, 14.8],
					"rotation": [-9.99811, 9.99811, 45.00011],
					"cubes": [
						{"origin": [32.7117, 65.7246, 14.8955], "size": [4, 4, 0], "uv": [48, 0]},
						{"origin": [36.7117, 61.7246, 14.8955], "size": [4, 4, 0], "uv": [48, 0]},
						{"origin": [40.7117, 57.7246, 14.8955], "size": [4, 4, 0], "uv": [48, 0]}
					]
				},
				{
					"name": "bone3",
					"parent": "pillar1",
					"pivot": [4.25, 27.5, 14.8],
					"rotation": [-9.99811, -9.99811, -45.00011],
					"cubes": [
						{"origin": [41.2811, -14.6562, 15.1045], "size": [4, 4, 0], "uv": [48, 0]},
						{"origin": [37.2811, -18.6562, 15.1045], "size": [4, 4, 0], "uv": [48, 0]},
						{"origin": [33.2811, -22.6562, 15.1045], "size": [4, 4, 0], "uv": [48, 0]}
					]
				},
				{
					"name": "bone4",
					"parent": "pillar1",
					"pivot": [-4.25, 27.5, 33.2],
					"rotation": [9.99811, -9.99811, 45.00011],
					"cubes": [
						{"origin": [32.7464, 65.6904, 33.1045], "size": [4, 4, 0], "uv": [48, 0]},
						{"origin": [36.7464, 61.6904, 33.1045], "size": [4, 4, 0], "uv": [48, 0]},
						{"origin": [40.7464, 57.6904, 33.1045], "size": [4, 4, 0], "uv": [48, 0]}
					]
				},
				{
					"name": "bone5",
					"parent": "pillar1",
					"pivot": [4.25, 27.5, 33.2],
					"rotation": [9.99811, 9.99811, -45.00011],
					"cubes": [
						{"origin": [41.2464, -14.6904, 32.8955], "size": [4, 4, 0], "uv": [48, 0]},
						{"origin": [37.2464, -18.6904, 32.8955], "size": [4, 4, 0], "uv": [48, 0]},
						{"origin": [33.2464, -22.6904, 32.8955], "size": [4, 4, 0], "uv": [48, 0]}
					]
				},
				{
					"name": "bone10",
					"parent": "pillar1",
					"pivot": [0, 0, 24],
					"rotation": [0, 90.00021, 0]
				},
				{
					"name": "bone6",
					"parent": "bone10",
					"pivot": [-4.25, 27.5, 14.8],
					"rotation": [-9.99811, 9.99811, 45.00011],
					"cubes": [
						{"origin": [-15.9743, 35.0766, 69.3114], "size": [4, 4, 0], "uv": [48, 0]},
						{"origin": [-11.9743, 31.0766, 69.3114], "size": [4, 4, 0], "uv": [48, 0]},
						{"origin": [-7.9743, 27.0766, 69.3114], "size": [4, 4, 0], "uv": [48, 0]}
					]
				},
				{
					"name": "bone7",
					"parent": "bone10",
					"pivot": [4.25, 27.5, 14.8],
					"rotation": [-9.99811, -9.99811, -45.00011],
					"cubes": [
						{"origin": [11.9743, 35.0766, 69.3114], "size": [4, 4, 0], "uv": [48, 0]},
						{"origin": [7.9743, 31.0766, 69.3114], "size": [4, 4, 0], "uv": [48, 0]},
						{"origin": [3.9743, 27.0766, 69.3114], "size": [4, 4, 0], "uv": [48, 0]}
					]
				},
				{
					"name": "bone8",
					"parent": "bone10",
					"pivot": [-4.25, 27.5, 33.2],
					"rotation": [9.99811, -9.99811, 45.00011],
					"cubes": [
						{"origin": [3.4743, 15.9234, 87.3114], "size": [4, 4, 0], "uv": [48, 0]},
						{"origin": [7.4743, 11.9234, 87.3114], "size": [4, 4, 0], "uv": [48, 0]},
						{"origin": [11.4743, 7.9234, 87.3114], "size": [4, 4, 0], "uv": [48, 0]}
					]
				},
				{
					"name": "bone9",
					"parent": "bone10",
					"pivot": [4.25, 27.5, 33.2],
					"rotation": [9.99811, 9.99811, -45.00011],
					"cubes": [
						{"origin": [-7.4743, 15.9234, 87.3114], "size": [4, 4, 0], "uv": [48, 0]},
						{"origin": [-11.4743, 11.9234, 87.3114], "size": [4, 4, 0], "uv": [48, 0]},
						{"origin": [-15.4743, 7.9234, 87.3114], "size": [4, 4, 0], "uv": [48, 0]}
					]
				},
				{
					"name": "ground",
					"pivot": [0, 0, 0],
					"cubes": [
						{"origin": [-24, 1, -24], "size": [48, 0, 48], "uv": [-47, 65]}
					]
				}
			]
		}
	]
}