{
	"format_version": "1.12.0",
	"minecraft:geometry": [
		{
			"description": {
				"identifier": "geometry.model",
				"texture_width": 256,
				"texture_height": 256,
				"visible_bounds_width": 6,
				"visible_bounds_height": 4.5,
				"visible_bounds_offset": [0, 1.75, 0]
			},
			"bones": [
				{
					"name": "main",
					"pivot": [0, 0, 0]
				},
				{
					"name": "bone",
					"parent": "main",
					"pivot": [-6, 0, 3],
					"cubes": [
						{"origin": [-14, 1, 26], "size": [32, 41, 1], "uv": [0, 0]},
						{"origin": [-14, 0, 14], "size": [32, 1, 13], "uv": [0, 58]},
						{"origin": [-6, 0, -20.25], "size": [20, 1, 7], "uv": [67, 28]},
						{"origin": [4, 0, -12.75], "size": [11, 1, 4], "uv": [67, 37]},
						{"origin": [11, 1, -11.25], "size": [1, 26, 1], "uv": [120, 130]},
						{"origin": [-3, 8, -20.25], "size": [12, 1, 7], "uv": [122, 28]},
						{"origin": [-6, 4, -20.25], "size": [15, 1, 7], "uv": [98, 37]},
						{"origin": [-13, 28, 14], "size": [30, 1, 12], "uv": [67, 14]},
						{"origin": [-13, 14, 14], "size": [30, 1, 12], "uv": [67, 0]},
						{"origin": [17, 1, 14], "size": [1, 41, 12], "uv": [27, 73]},
						{"origin": [-14, 1, 14], "size": [1, 41, 12], "uv": [0, 73]},
						{"origin": [-14, 42, 14], "size": [32, 1, 13], "uv": [0, 43]}
					]
				},
				{
					"name": "bone2",
					"parent": "bone",
					"pivot": [6.96508, -15.11732, -8.75],
					"rotation": [0, 0, 67.5],
					"cubes": [
						{"origin": [-5.30935, -2.83275, -20.25], "size": [1, 1, 7], "uv": [42, 73]}
					]
				},
				{
					"name": "bone3",
					"parent": "bone2",
					"pivot": [6.96508, -15.11732, -8.75],
					"rotation": [0, 0, 67.5],
					"cubes": [
						{"origin": [-10.6228, -21.44975, -20.25], "size": [1, 1, 7], "uv": [42, 73]}
					]
				},
				{
					"name": "bone4",
					"parent": "bone3",
					"pivot": [6.96508, -15.11732, -8.75],
					"rotation": [0, 0, 67.5],
					"cubes": [
						{"origin": [5.16101, -34.40703, -20.25], "size": [1, 1, 7], "uv": [42, 73]}
					]
				},
				{
					"name": "bone5",
					"parent": "bone4",
					"pivot": [6.96508, -17.11732, -8.75],
					"rotation": [0, 0, 67.5],
					"cubes": [
						{"origin": [22.2483, -25.40054, -20.25], "size": [1, 1, 7], "uv": [42, 73]}
					]
				},
				{
					"name": "bone9",
					"parent": "bone",
					"pivot": [-11, 0, 3]
				},
				{
					"name": "bone6",
					"parent": "bone9",
					"pivot": [-14.96508, -15.11732, -8.75],
					"rotation": [0, 0, -67.5],
					"cubes": [
						{"origin": [2.43229, -17.61482, -20.25], "size": [1, 1, 7], "uv": [42, 73], "mirror": true}
					]
				},
				{
					"name": "bone7",
					"parent": "bone6",
					"pivot": [-14.96508, -15.11732, -8.75],
					"rotation": [0, 0, -67.5],
					"cubes": [
						{"origin": [-9.69091, -32.76346, -20.25], "size": [1, 1, 7], "uv": [42, 73], "mirror": true}
					]
				},
				{
					"name": "bone8",
					"parent": "bone7",
					"pivot": [-14.96508, -15.11732, -8.75],
					"rotation": [0, 0, -67.5],
					"cubes": [
						{"origin": [-28.94308, -28.2841, -20.25], "size": [1, 1, 7], "uv": [42, 73], "mirror": true}
					]
				},
				{
					"name": "bone10",
					"parent": "bone9",
					"pivot": [-14.96508, -11.88268, -8.75],
					"rotation": [0, 0, 67.5],
					"cubes": [
						{"origin": [-27.13186, 1.86069, -20.25], "size": [1, 1, 7], "uv": [42, 73], "mirror": true}
					]
				},
				{
					"name": "bone11",
					"parent": "bone10",
					"pivot": [-14.96508, -11.88268, -8.75],
					"rotation": [0, 0, 67.5],
					"cubes": [
						{"origin": [-32.31832, -17.86396, -20.25], "size": [1, 1, 7], "uv": [42, 73], "mirror": true}
					]
				},
				{
					"name": "bone12",
					"parent": "bone11",
					"pivot": [-14.96508, -11.88268, -8.75],
					"rotation": [0, 0, 67.5],
					"cubes": [
						{"origin": [-16.69721, -29.28005, -20.25], "size": [1, 1, 7], "uv": [42, 73], "mirror": true}
					]
				},
				{
					"name": "bone13",
					"parent": "bone12",
					"pivot": [-14.96508, -9.88268, -8.75],
					"rotation": [0, 0, 67.5],
					"cubes": [
						{"origin": [0.7517, -18.59946, -20.25], "size": [1, 1, 7], "uv": [42, 73], "mirror": true}
					]
				},
				{
					"name": "bone14",
					"parent": "bone",
					"pivot": [-7.62594, 15.2706, -2.75]
				},
				{
					"name": "bone15",
					"parent": "bone14",
					"pivot": [1.96508, -11.11732, -8.75],
					"rotation": [0, 0, 67.5],
					"cubes": [
						{"origin": [-10.30935, 1.16725, -20.25], "size": [1, 1, 7], "uv": [42, 73]}
					]
				},
				{
					"name": "bone16",
					"parent": "bone15",
					"pivot": [1.96508, -11.11732, -8.75],
					"rotation": [0, 0, 67.5],
					"cubes": [
						{"origin": [-15.6228, -17.44975, -20.25], "size": [1, 1, 7], "uv": [42, 73]}
					]
				},
				{
					"name": "bone17",
					"parent": "bone16",
					"pivot": [1.96508, -11.11732, -8.75],
					"rotation": [0, 0, 67.5],
					"cubes": [
						{"origin": [0.16101, -30.40703, -20.25], "size": [1, 1, 7], "uv": [42, 73]}
					]
				},
				{
					"name": "bone18",
					"parent": "bone14",
					"pivot": [1.96508, -7.88268, -8.75],
					"rotation": [0, 0, -67.5],
					"cubes": [
						{"origin": [19.25479, -8.92138, -20.25], "size": [1, 1, 7], "uv": [42, 73]}
					]
				},
				{
					"name": "bone19",
					"parent": "bone18",
					"pivot": [1.96508, -7.88268, -8.75],
					"rotation": [0, 0, -67.5],
					"cubes": [
						{"origin": [7.00461, -25.17767, -20.25], "size": [1, 1, 7], "uv": [42, 73]}
					]
				},
				{
					"name": "bone20",
					"parent": "bone19",
					"pivot": [1.96508, -7.88268, -8.75],
					"rotation": [0, 0, -67.5],
					"cubes": [
						{"origin": [-12.08486, -19.15711, -20.25], "size": [1, 1, 7], "uv": [42, 73]}
					]
				},
				{
					"name": "bone21",
					"parent": "bone20",
					"pivot": [1.96508, -5.88268, -8.75],
					"rotation": [0, 0, -67.5],
					"cubes": [
						{"origin": [-14.7517, 1.40054, -20.25], "size": [1, 1, 7], "uv": [42, 73]}
					]
				},
				{
					"name": "bone22",
					"parent": "bone",
					"pivot": [-0.37406, 15.2706, -2.75]
				},
				{
					"name": "bone26",
					"parent": "bone22",
					"pivot": [-11.96508, -7.88268, -8.75],
					"rotation": [0, 0, 67.5],
					"cubes": [
						{"origin": [-24.13186, 5.86069, -20.25], "size": [1, 1, 7], "uv": [42, 73], "mirror": true}
					]
				},
				{
					"name": "bone27",
					"parent": "bone26",
					"pivot": [-11.96508, -7.88268, -8.75],
					"rotation": [0, 0, 67.5],
					"cubes": [
						{"origin": [-29.31832, -13.86396, -20.25], "size": [1, 1, 7], "uv": [42, 73], "mirror": true}
					]
				},
				{
					"name": "bone28",
					"parent": "bone27",
					"pivot": [-11.96508, -7.88268, -8.75],
					"rotation": [0, 0, 67.5],
					"cubes": [
						{"origin": [-13.69721, -25.28005, -20.25], "size": [1, 1, 7], "uv": [42, 73], "mirror": true}
					]
				},
				{
					"name": "bone29",
					"parent": "bone28",
					"pivot": [-11.96508, -5.88268, -8.75],
					"rotation": [0, 0, 67.5],
					"cubes": [
						{"origin": [3.7517, -14.59946, -20.25], "size": [1, 1, 7], "uv": [42, 73], "mirror": true}
					]
				},
				{
					"name": "bone23",
					"parent": "bone22",
					"pivot": [2.96508, 11.11732, -5.75],
					"rotation": [0, 0, -67.5],
					"cubes": [
						{"origin": [21.17867, 10.4613, -11.25], "size": [1, 1, 1], "uv": [0, 43]}
					]
				},
				{
					"name": "bone24",
					"parent": "bone23",
					"pivot": [2.96508, 11.11732, -5.75],
					"rotation": [0, 0, -67.5],
					"cubes": [
						{"origin": [8.71172, -6.88478, -11.25], "size": [1, 1, 1], "uv": [0, 43]}
					]
				},
				{
					"name": "bone25",
					"parent": "bone24",
					"pivot": [2.96508, 11.11732, -5.75],
					"rotation": [0, 0, -67.5],
					"cubes": [
						{"origin": [-11.46754, -1.08099, -11.25], "size": [1, 1, 1], "uv": [0, 43]}
					]
				},
				{
					"name": "bone30",
					"parent": "bone25",
					"pivot": [2.96508, 13.11732, -5.75],
					"rotation": [0, 0, -67.5]
				},
				{
					"name": "bone31",
					"parent": "bone30",
					"pivot": [2.96508, 11.11732, -5.75],
					"rotation": [0, 0, 112.5],
					"cubes": [
						{"origin": [3.88918, -8.26219, -11.25], "size": [1, 1, 1], "uv": [0, 43]}
					]
				},
				{
					"name": "bone32",
					"parent": "bone31",
					"pivot": [2.96508, 11.11732, -5.75],
					"rotation": [0, 0, -67.5],
					"cubes": [
						{"origin": [-15.20293, 1.92346, -11.25], "size": [1, 1, 1], "uv": [0, 43]}
					]
				},
				{
					"name": "bone33",
					"parent": "bone32",
					"pivot": [2.96508, 11.11732, -5.75],
					"rotation": [0, 0, -67.5],
					"cubes": [
						{"origin": [-12.48154, 24.38403, -11.25], "size": [1, 1, 1], "uv": [0, 43]}
					]
				},
				{
					"name": "bone34",
					"parent": "bone33",
					"pivot": [2.96508, 13.11732, -5.75],
					"rotation": [0, 0, -67.5],
					"cubes": [
						{"origin": [8.38687, 31.08239, -11.25], "size": [1, 1, 1], "uv": [0, 43]}
					]
				},
				{
					"name": "bone35",
					"parent": "bone34",
					"pivot": [-1.37406, 12.18726, -2.75],
					"rotation": [0, 0, 22.5],
					"cubes": [
						{"origin": [-1.95085, 30.95747, -16.27996], "size": [3, 1, 11], "uv": [123, 102]},
						{"origin": [-0.35596, 30.61414, -15.75], "size": [1, 1, 10], "inflate": -0.2, "uv": [15, 73]},
						{"origin": [-1.60596, 30.61414, -15.75], "size": [1, 1, 10], "inflate": -0.2, "uv": [15, 73]}
					]
				},
				{
					"name": "bone202",
					"parent": "bone22",
					"pivot": [-4.48233, -5.72388, -9.47686],
					"rotation": [80, 0, -90],
					"cubes": [
						{"origin": [10.51767, -4.2346, -22.74451], "size": [2, 10, 10], "inflate": -0.25, "uv": [0, 127]},
						{"origin": [10.01767, -5.7346, -24.24451], "size": [3, 13, 3], "inflate": -1.25, "uv": [141, 95]},
						{"origin": [11.01767, -5.7346, -23.24451], "size": [3, 13, 12], "inflate": -1.25, "uv": [54, 90]},
						{"origin": [9.01767, -5.7346, -23.24451], "size": [3, 13, 12], "inflate": -1.25, "uv": [54, 90]}
					]
				},
				{
					"name": "bone203",
					"parent": "bone202",
					"pivot": [-27.23025, -16.70082, 40.57202],
					"cubes": [
						{"origin": [11.01767, -5.7346, -23.24451], "size": [3, 13, 3], "inflate": -1.25, "uv": [141, 67]},
						{"origin": [11.01767, -5.7346, -23.24451], "size": [3, 13, 3], "inflate": -1.25, "uv": [141, 67]}
					]
				},
				{
					"name": "bone204",
					"parent": "bone203",
					"pivot": [-27.23025, -16.70082, 40.57202],
					"rotation": [0, -67.5, 0],
					"cubes": [
						{"origin": [-71.47764, -5.7346, -21.57441], "size": [3, 13, 3], "inflate": -1.25, "uv": [89, 137]},
						{"origin": [-71.47764, -5.7346, -21.57441], "size": [3, 13, 3], "inflate": -1.25, "uv": [89, 137]}
					]
				},
				{
					"name": "bone205",
					"parent": "bone203",
					"pivot": [-27.23025, -16.70082, 40.57202],
					"rotation": [0, -45, 0],
					"cubes": [
						{"origin": [-45.40061, -5.7346, -33.39334], "size": [3, 13, 3], "inflate": -1.25, "uv": [89, 137]},
						{"origin": [-45.40061, -5.7346, -33.39334], "size": [3, 13, 3], "inflate": -1.25, "uv": [89, 137]}
					]
				},
				{
					"name": "bone206",
					"parent": "bone203",
					"pivot": [-27.23025, -16.70082, 40.57202],
					"rotation": [0, -22.5, 0],
					"cubes": [
						{"origin": [-16.78566, -5.7346, -34.33335], "size": [3, 13, 3], "inflate": -1.25, "uv": [89, 137]},
						{"origin": [-16.78566, -5.7346, -34.33335], "size": [3, 13, 3], "inflate": -1.25, "uv": [89, 137]}
					]
				},
				{
					"name": "bone207",
					"parent": "bone202",
					"pivot": [-31.73025, -16.70082, 40.57202],
					"cubes": [
						{"origin": [9.01083, -5.7346, -23.23767], "size": [3, 13, 3], "inflate": -1.25, "uv": [141, 67], "mirror": true},
						{"origin": [9.01083, -5.7346, -23.23767], "size": [3, 13, 3], "inflate": -1.25, "uv": [141, 67], "mirror": true}
					]
				},
				{
					"name": "bone208",
					"parent": "bone207",
					"pivot": [-31.73025, -16.70082, 40.57202],
					"rotation": [0, 67.5, 0],
					"cubes": [
						{"origin": [40.88667, -5.7346, 54.17617], "size": [3, 13, 3], "inflate": -1.25, "uv": [89, 137], "mirror": true},
						{"origin": [40.88667, -5.7346, 54.17617], "size": [3, 13, 3], "inflate": -1.25, "uv": [89, 137], "mirror": true}
					]
				},
				{
					"name": "bone209",
					"parent": "bone207",
					"pivot": [-31.73025, -16.70082, 40.57202],
					"rotation": [0, 45, 0],
					"cubes": [
						{"origin": [41.41026, -5.7346, 24.58648], "size": [3, 13, 3], "inflate": -1.25, "uv": [89, 137], "mirror": true},
						{"origin": [41.41026, -5.7346, 24.58648], "size": [3, 13, 3], "inflate": -1.25, "uv": [89, 137], "mirror": true}
					]
				},
				{
					"name": "bone210",
					"parent": "bone207",
					"pivot": [-31.73025, -16.70082, 40.57202],
					"rotation": [0, 22.5, 0],
					"cubes": [
						{"origin": [30.57051, -5.7346, -2.9512], "size": [3, 13, 3], "inflate": -1.25, "uv": [89, 137], "mirror": true},
						{"origin": [30.57051, -5.7346, -2.9512], "size": [3, 13, 3], "inflate": -1.25, "uv": [89, 137], "mirror": true}
					]
				},
				{
					"name": "bone37",
					"parent": "bone",
					"pivot": [-27.25, -11, 18.75],
					"rotation": [0, 22.5, 0],
					"cubes": [
						{"origin": [-18.2975, 0, 10.42043], "size": [4, 10, 10], "inflate": -0.25, "uv": [118, 46]},
						{"origin": [-15.7975, -1.5, 9.92043], "size": [3, 13, 12], "inflate": -1.25, "uv": [99, 58]},
						{"origin": [-19.7975, -1.5, 9.92043], "size": [3, 13, 12], "inflate": -1.25, "uv": [99, 58]},
						{"origin": [-18.7975, -1.5, 8.92043], "size": [5, 13, 3], "inflate": -1.25, "uv": [25, 131]}
					]
				},
				{
					"name": "bone38",
					"parent": "bone37",
					"pivot": [-24.75, -11, 20.25],
					"cubes": [
						{"origin": [-15.7975, -1.5, 9.92043], "size": [3, 13, 3], "inflate": -1.25, "uv": [0, 148]}
					]
				},
				{
					"name": "bone41",
					"parent": "bone38",
					"pivot": [-24.75, -11, 20.25],
					"rotation": [0, -67.5, 0],
					"cubes": [
						{"origin": [-30.79276, -1.5, 5.63758], "size": [3, 13, 3], "inflate": -1.25, "uv": [102, 147]}
					]
				},
				{
					"name": "bone40",
					"parent": "bone38",
					"pivot": [-24.75, -11, 20.25],
					"rotation": [0, -45, 0],
					"cubes": [
						{"origin": [-25.81435, -1.5, 4.82062], "size": [3, 13, 3], "inflate": -1.25, "uv": [102, 147]}
					]
				},
				{
					"name": "bone39",
					"parent": "bone38",
					"pivot": [-24.75, -11, 20.25],
					"rotation": [0, -22.5, 0],
					"cubes": [
						{"origin": [-20.90227, -1.5, 5.97101], "size": [3, 13, 3], "inflate": -1.25, "uv": [102, 147]}
					]
				},
				{
					"name": "bone42",
					"parent": "bone37",
					"pivot": [-29.25, -11, 20.25],
					"cubes": [
						{"origin": [-19.80433, -1.5, 9.92726], "size": [3, 13, 3], "inflate": -1.25, "uv": [0, 148], "mirror": true}
					]
				},
				{
					"name": "bone43",
					"parent": "bone42",
					"pivot": [-29.25, -11, 20.25],
					"rotation": [0, 67.5, 0],
					"cubes": [
						{"origin": [-18.02483, -1.5, 25.40952], "size": [3, 13, 3], "inflate": -1.25, "uv": [102, 147], "mirror": true}
					]
				},
				{
					"name": "bone44",
					"parent": "bone42",
					"pivot": [-29.25, -11, 20.25],
					"rotation": [0, 45, 0],
					"cubes": [
						{"origin": [-16.05969, -1.5, 19.95625], "size": [3, 13, 3], "inflate": -1.25, "uv": [102, 147], "mirror": true}
					]
				},
				{
					"name": "bone45",
					"parent": "bone42",
					"pivot": [-29.25, -11, 20.25],
					"rotation": [0, 22.5, 0],
					"cubes": [
						{"origin": [-16.33101, -1.5, 14.16605], "size": [3, 13, 3], "inflate": -1.25, "uv": [102, 147], "mirror": true}
					]
				},
				{
					"name": "bone127",
					"parent": "bone",
					"pivot": [-19, -11, 27.5]
				},
				{
					"name": "bone100",
					"parent": "bone127",
					"pivot": [3, -11, 27.5],
					"cubes": [
						{"origin": [12, -0.5, 15], "size": [3, 13, 12], "inflate": -1.25, "uv": [99, 58]},
						{"origin": [8, -0.5, 15], "size": [3, 13, 12], "inflate": -1.25, "uv": [99, 58]},
						{"origin": [9, -0.5, 14], "size": [5, 13, 3], "inflate": -1.25, "uv": [25, 131]},
						{"origin": [9.5, 1, 15.5], "size": [4, 10, 10], "inflate": -0.25, "uv": [118, 46]},
						{"origin": [12, -0.5, 15], "size": [3, 13, 12], "inflate": -1.25, "uv": [99, 58]},
						{"origin": [8, -0.5, 15], "size": [3, 13, 12], "inflate": -1.25, "uv": [99, 58]},
						{"origin": [9, -0.5, 14], "size": [5, 13, 3], "inflate": -1.25, "uv": [25, 131]}
					]
				},
				{
					"name": "bone101",
					"parent": "bone100",
					"pivot": [5.5, -11, 29],
					"cubes": [
						{"origin": [12, -0.5, 15], "size": [3, 13, 3], "inflate": -1.25, "uv": [0, 148]},
						{"origin": [12, -0.5, 15], "size": [3, 13, 3], "inflate": -1.25, "uv": [0, 148]}
					]
				},
				{
					"name": "bone102",
					"parent": "bone101",
					"pivot": [5.5, -11, 29],
					"rotation": [0, -67.5, 0],
					"cubes": [
						{"origin": [-4.87233, -0.5, 15.24878], "size": [3, 13, 3], "inflate": -1.25, "uv": [102, 147]},
						{"origin": [-4.87233, -0.5, 15.24878], "size": [3, 13, 3], "inflate": -1.25, "uv": [102, 147]}
					]
				},
				{
					"name": "bone103",
					"parent": "bone101",
					"pivot": [5.5, -11, 29],
					"rotation": [0, -45, 0],
					"cubes": [
						{"origin": [0.10608, -0.5, 12.70942], "size": [3, 13, 3], "inflate": -1.25, "uv": [102, 147]},
						{"origin": [0.10608, -0.5, 12.70942], "size": [3, 13, 3], "inflate": -1.25, "uv": [102, 147]}
					]
				},
				{
					"name": "bone104",
					"parent": "bone101",
					"pivot": [5.5, -11, 29],
					"rotation": [0, -22.5, 0],
					"cubes": [
						{"origin": [5.6773, -0.5, 12.2685], "size": [3, 13, 3], "inflate": -1.25, "uv": [102, 147]},
						{"origin": [5.6773, -0.5, 12.2685], "size": [3, 13, 3], "inflate": -1.25, "uv": [102, 147]}
					]
				},
				{
					"name": "bone105",
					"parent": "bone100",
					"pivot": [1, -11, 29],
					"cubes": [
						{"origin": [7.99317, -0.5, 15.00683], "size": [3, 13, 3], "inflate": -1.25, "uv": [0, 148], "mirror": true},
						{"origin": [7.99317, -0.5, 15.00683], "size": [3, 13, 3], "inflate": -1.25, "uv": [0, 148], "mirror": true}
					]
				},
				{
					"name": "bone106",
					"parent": "bone105",
					"pivot": [1, -11, 29],
					"rotation": [0, 67.5, 0],
					"cubes": [
						{"origin": [14.67767, -0.5, 30.48909], "size": [3, 13, 3], "inflate": -1.25, "uv": [102, 147], "mirror": true},
						{"origin": [14.67767, -0.5, 30.48909], "size": [3, 13, 3], "inflate": -1.25, "uv": [102, 147], "mirror": true}
					]
				},
				{
					"name": "bone107",
					"parent": "bone105",
					"pivot": [1, -11, 29],
					"rotation": [0, 45, 0],
					"cubes": [
						{"origin": [15.05152, -0.5, 24.37668], "size": [3, 13, 3], "inflate": -1.25, "uv": [102, 147], "mirror": true},
						{"origin": [15.05152, -0.5, 24.37668], "size": [3, 13, 3], "inflate": -1.25, "uv": [102, 147], "mirror": true}
					]
				},
				{
					"name": "bone108",
					"parent": "bone105",
					"pivot": [1, -11, 29],
					"rotation": [0, 22.5, 0],
					"cubes": [
						{"origin": [13.05778, -0.5, 18.58648], "size": [3, 13, 3], "inflate": -1.25, "uv": [102, 147], "mirror": true},
						{"origin": [13.05778, -0.5, 18.58648], "size": [3, 13, 3], "inflate": -1.25, "uv": [102, 147], "mirror": true}
					]
				},
				{
					"name": "bone109",
					"parent": "bone127",
					"pivot": [-3.25, -10.5, 27.5],
					"rotation": [0, 0, 22.5],
					"cubes": [
						{"origin": [-1.36458, 1.76742, 15], "size": [3, 13, 12], "inflate": -1.25, "uv": [54, 90]},
						{"origin": [-4.36458, 1.76742, 15], "size": [3, 13, 12], "inflate": -1.25, "uv": [54, 90]},
						{"origin": [-3.36458, 1.76742, 14], "size": [4, 13, 3], "inflate": -1.25, "uv": [59, 134]},
						{"origin": [-2.86458, 3.26742, 15.5], "size": [3, 10, 10], "inflate": -0.25, "uv": [124, 74]},
						{"origin": [-1.36458, 1.76742, 15], "size": [3, 13, 12], "inflate": -1.25, "uv": [54, 90]},
						{"origin": [-4.36458, 1.76742, 15], "size": [3, 13, 12], "inflate": -1.25, "uv": [54, 90]},
						{"origin": [-3.36458, 1.76742, 14], "size": [4, 13, 3], "inflate": -1.25, "uv": [59, 134]}
					]
				},
				{
					"name": "bone110",
					"parent": "bone109",
					"pivot": [-0.75, -10.5, 29],
					"cubes": [
						{"origin": [-1.36458, 1.76742, 15], "size": [3, 13, 3], "inflate": -1.25, "uv": [141, 67]},
						{"origin": [-1.36458, 1.76742, 15], "size": [3, 13, 3], "inflate": -1.25, "uv": [141, 67]}
					]
				},
				{
					"name": "bone111",
					"parent": "bone110",
					"pivot": [-0.75, -10.5, 29],
					"rotation": [0, -67.5, 0],
					"cubes": [
						{"origin": [-13.84496, 1.76742, 21.8218], "size": [3, 13, 3], "inflate": -1.25, "uv": [89, 137]},
						{"origin": [-13.84496, 1.76742, 21.8218], "size": [3, 13, 3], "inflate": -1.25, "uv": [89, 137]}
					]
				},
				{
					"name": "bone112",
					"parent": "bone110",
					"pivot": [-0.75, -10.5, 29],
					"rotation": [0, -45, 0],
					"cubes": [
						{"origin": [-11.17469, 1.76742, 17.74019], "size": [3, 13, 3], "inflate": -1.25, "uv": [89, 137]},
						{"origin": [-11.17469, 1.76742, 17.74019], "size": [3, 13, 3], "inflate": -1.25, "uv": [89, 137]}
					]
				},
				{
					"name": "bone113",
					"parent": "bone110",
					"pivot": [-0.75, -10.5, 29],
					"rotation": [0, -22.5, 0],
					"cubes": [
						{"origin": [-7.14572, 1.76742, 14.99114], "size": [3, 13, 3], "inflate": -1.25, "uv": [89, 137]},
						{"origin": [-7.14572, 1.76742, 14.99114], "size": [3, 13, 3], "inflate": -1.25, "uv": [89, 137]}
					]
				},
				{
					"name": "bone114",
					"parent": "bone109",
					"pivot": [-5.25, -10.5, 29],
					"cubes": [
						{"origin": [-4.37142, 1.76742, 15.00683], "size": [3, 13, 3], "inflate": -1.25, "uv": [141, 67], "mirror": true},
						{"origin": [-4.37142, 1.76742, 15.00683], "size": [3, 13, 3], "inflate": -1.25, "uv": [141, 67], "mirror": true}
					]
				},
				{
					"name": "bone115",
					"parent": "bone114",
					"pivot": [-5.25, -10.5, 29],
					"rotation": [0, 67.5, 0],
					"cubes": [
						{"origin": [6.08772, 1.76742, 24.83996], "size": [3, 13, 3], "inflate": -1.25, "uv": [89, 137], "mirror": true},
						{"origin": [6.08772, 1.76742, 24.83996], "size": [3, 13, 3], "inflate": -1.25, "uv": [89, 137], "mirror": true}
					]
				},
				{
					"name": "bone116",
					"parent": "bone114",
					"pivot": [-5.25, -10.5, 29],
					"rotation": [0, 45, 0],
					"cubes": [
						{"origin": [4.47786, 1.76742, 20.05301], "size": [3, 13, 3], "inflate": -1.25, "uv": [89, 137], "mirror": true},
						{"origin": [4.47786, 1.76742, 20.05301], "size": [3, 13, 3], "inflate": -1.25, "uv": [89, 137], "mirror": true}
					]
				},
				{
					"name": "bone117",
					"parent": "bone114",
					"pivot": [-5.25, -10.5, 29],
					"rotation": [0, 22.5, 0],
					"cubes": [
						{"origin": [1.15865, 1.76742, 16.24653], "size": [3, 13, 3], "inflate": -1.25, "uv": [89, 137], "mirror": true},
						{"origin": [1.15865, 1.76742, 16.24653], "size": [3, 13, 3], "inflate": -1.25, "uv": [89, 137], "mirror": true}
					]
				},
				{
					"name": "bone118",
					"parent": "bone127",
					"pivot": [-3.25, -10.5, 27.5],
					"rotation": [0, 0, 22.5],
					"cubes": [
						{"origin": [-1.36458, 1.76742, 15], "size": [3, 13, 12], "inflate": -1.25, "uv": [54, 90]},
						{"origin": [-4.36458, 1.76742, 15], "size": [3, 13, 12], "inflate": -1.25, "uv": [54, 90]},
						{"origin": [-3.36458, 1.76742, 14], "size": [4, 13, 3], "inflate": -1.25, "uv": [59, 134]},
						{"origin": [-1.36458, 1.76742, 15], "size": [3, 13, 12], "inflate": -1.25, "uv": [54, 90]},
						{"origin": [-4.36458, 1.76742, 15], "size": [3, 13, 12], "inflate": -1.25, "uv": [54, 90]},
						{"origin": [-3.36458, 1.76742, 14], "size": [4, 13, 3], "inflate": -1.25, "uv": [59, 134]}
					]
				},
				{
					"name": "bone119",
					"parent": "bone118",
					"pivot": [-0.75, -10.5, 29],
					"cubes": [
						{"origin": [-1.36458, 1.76742, 15], "size": [3, 13, 3], "inflate": -1.25, "uv": [141, 67]},
						{"origin": [-1.36458, 1.76742, 15], "size": [3, 13, 3], "inflate": -1.25, "uv": [141, 67]}
					]
				},
				{
					"name": "bone120",
					"parent": "bone119",
					"pivot": [-0.75, -10.5, 29],
					"rotation": [0, -67.5, 0],
					"cubes": [
						{"origin": [-13.84496, 1.76742, 21.8218], "size": [3, 13, 3], "inflate": -1.25, "uv": [89, 137]},
						{"origin": [-13.84496, 1.76742, 21.8218], "size": [3, 13, 3], "inflate": -1.25, "uv": [89, 137]}
					]
				},
				{
					"name": "bone121",
					"parent": "bone119",
					"pivot": [-0.75, -10.5, 29],
					"rotation": [0, -45, 0],
					"cubes": [
						{"origin": [-11.17469, 1.76742, 17.74019], "size": [3, 13, 3], "inflate": -1.25, "uv": [89, 137]},
						{"origin": [-11.17469, 1.76742, 17.74019], "size": [3, 13, 3], "inflate": -1.25, "uv": [89, 137]}
					]
				},
				{
					"name": "bone122",
					"parent": "bone119",
					"pivot": [-0.75, -10.5, 29],
					"rotation": [0, -22.5, 0],
					"cubes": [
						{"origin": [-7.14572, 1.76742, 14.99114], "size": [3, 13, 3], "inflate": -1.25, "uv": [89, 137]},
						{"origin": [-7.14572, 1.76742, 14.99114], "size": [3, 13, 3], "inflate": -1.25, "uv": [89, 137]}
					]
				},
				{
					"name": "bone123",
					"parent": "bone118",
					"pivot": [-5.25, -10.5, 29],
					"cubes": [
						{"origin": [-4.37142, 1.76742, 15.00683], "size": [3, 13, 3], "inflate": -1.25, "uv": [141, 67], "mirror": true},
						{"origin": [-4.37142, 1.76742, 15.00683], "size": [3, 13, 3], "inflate": -1.25, "uv": [141, 67], "mirror": true}
					]
				},
				{
					"name": "bone124",
					"parent": "bone123",
					"pivot": [-5.25, -10.5, 29],
					"rotation": [0, 67.5, 0],
					"cubes": [
						{"origin": [6.08772, 1.76742, 24.83996], "size": [3, 13, 3], "inflate": -1.25, "uv": [89, 137], "mirror": true},
						{"origin": [6.08772, 1.76742, 24.83996], "size": [3, 13, 3], "inflate": -1.25, "uv": [89, 137], "mirror": true}
					]
				},
				{
					"name": "bone125",
					"parent": "bone123",
					"pivot": [-5.25, -10.5, 29],
					"rotation": [0, 45, 0],
					"cubes": [
						{"origin": [4.47786, 1.76742, 20.05301], "size": [3, 13, 3], "inflate": -1.25, "uv": [89, 137], "mirror": true},
						{"origin": [4.47786, 1.76742, 20.05301], "size": [3, 13, 3], "inflate": -1.25, "uv": [89, 137], "mirror": true}
					]
				},
				{
					"name": "bone126",
					"parent": "bone123",
					"pivot": [-5.25, -10.5, 29],
					"rotation": [0, 22.5, 0],
					"cubes": [
						{"origin": [1.15865, 1.76742, 16.24653], "size": [3, 13, 3], "inflate": -1.25, "uv": [89, 137], "mirror": true},
						{"origin": [1.15865, 1.76742, 16.24653], "size": [3, 13, 3], "inflate": -1.25, "uv": [89, 137], "mirror": true}
					]
				},
				{
					"name": "bone91",
					"parent": "bone127",
					"pivot": [6.5, -11, 27.5],
					"cubes": [
						{"origin": [15.5, -0.5, 15], "size": [3, 13, 12], "inflate": -1.25, "uv": [54, 90]},
						{"origin": [12.5, -0.5, 15], "size": [3, 13, 12], "inflate": -1.25, "uv": [54, 90]},
						{"origin": [13.5, -0.5, 14], "size": [4, 13, 3], "inflate": -1.25, "uv": [59, 134]},
						{"origin": [14, 1, 15.5], "size": [3, 10, 10], "inflate": -0.25, "uv": [124, 74]},
						{"origin": [15.5, -0.5, 15], "size": [3, 13, 12], "inflate": -1.25, "uv": [54, 90]},
						{"origin": [12.5, -0.5, 15], "size": [3, 13, 12], "inflate": -1.25, "uv": [54, 90]},
						{"origin": [13.5, -0.5, 14], "size": [4, 13, 3], "inflate": -1.25, "uv": [59, 134]}
					]
				},
				{
					"name": "bone92",
					"parent": "bone91",
					"pivot": [9, -11, 29],
					"cubes": [
						{"origin": [15.5, -0.5, 15], "size": [3, 13, 3], "inflate": -1.25, "uv": [141, 67]},
						{"origin": [15.5, -0.5, 15], "size": [3, 13, 3], "inflate": -1.25, "uv": [141, 67]}
					]
				},
				{
					"name": "bone93",
					"parent": "bone92",
					"pivot": [9, -11, 29],
					"rotation": [0, -67.5, 0],
					"cubes": [
						{"origin": [-1.37233, -0.5, 15.24878], "size": [3, 13, 3], "inflate": -1.25, "uv": [89, 137]},
						{"origin": [-1.37233, -0.5, 15.24878], "size": [3, 13, 3], "inflate": -1.25, "uv": [89, 137]}
					]
				},
				{
					"name": "bone94",
					"parent": "bone92",
					"pivot": [9, -11, 29],
					"rotation": [0, -45, 0],
					"cubes": [
						{"origin": [3.60608, -0.5, 12.70942], "size": [3, 13, 3], "inflate": -1.25, "uv": [89, 137]},
						{"origin": [3.60608, -0.5, 12.70942], "size": [3, 13, 3], "inflate": -1.25, "uv": [89, 137]}
					]
				},
				{
					"name": "bone95",
					"parent": "bone92",
					"pivot": [9, -11, 29],
					"rotation": [0, -22.5, 0],
					"cubes": [
						{"origin": [9.1773, -0.5, 12.2685], "size": [3, 13, 3], "inflate": -1.25, "uv": [89, 137]},
						{"origin": [9.1773, -0.5, 12.2685], "size": [3, 13, 3], "inflate": -1.25, "uv": [89, 137]}
					]
				},
				{
					"name": "bone96",
					"parent": "bone91",
					"pivot": [4.5, -11, 29],
					"cubes": [
						{"origin": [12.49317, -0.5, 15.00683], "size": [3, 13, 3], "inflate": -1.25, "uv": [141, 67], "mirror": true},
						{"origin": [12.49317, -0.5, 15.00683], "size": [3, 13, 3], "inflate": -1.25, "uv": [141, 67], "mirror": true}
					]
				},
				{
					"name": "bone97",
					"parent": "bone96",
					"pivot": [4.5, -11, 29],
					"rotation": [0, 67.5, 0],
					"cubes": [
						{"origin": [18.56036, -0.5, 31.41297], "size": [3, 13, 3], "inflate": -1.25, "uv": [89, 137], "mirror": true},
						{"origin": [18.56036, -0.5, 31.41297], "size": [3, 13, 3], "inflate": -1.25, "uv": [89, 137], "mirror": true}
					]
				},
				{
					"name": "bone98",
					"parent": "bone96",
					"pivot": [4.5, -11, 29],
					"rotation": [0, 45, 0],
					"cubes": [
						{"origin": [19.25862, -0.5, 25.08378], "size": [3, 13, 3], "inflate": -1.25, "uv": [89, 137], "mirror": true},
						{"origin": [19.25862, -0.5, 25.08378], "size": [3, 13, 3], "inflate": -1.25, "uv": [89, 137], "mirror": true}
					]
				},
				{
					"name": "bone99",
					"parent": "bone96",
					"pivot": [4.5, -11, 29],
					"rotation": [0, 22.5, 0],
					"cubes": [
						{"origin": [17.48166, -0.5, 18.96916], "size": [3, 13, 3], "inflate": -1.25, "uv": [89, 137], "mirror": true},
						{"origin": [17.48166, -0.5, 18.96916], "size": [3, 13, 3], "inflate": -1.25, "uv": [89, 137], "mirror": true}
					]
				},
				{
					"name": "bone193",
					"parent": "bone127",
					"pivot": [-13.63268, -14.07612, 25],
					"rotation": [70, 0, 90],
					"cubes": [
						{"origin": [-30.63268, -8.82242, 25.28138], "size": [2, 10, 10], "inflate": -0.25, "uv": [0, 127]},
						{"origin": [-30.13268, -10.32242, 24.78138], "size": [3, 13, 12], "inflate": -1.25, "uv": [54, 90]},
						{"origin": [-32.13269, -10.32242, 24.78138], "size": [3, 13, 12], "inflate": -1.25, "uv": [54, 90]},
						{"origin": [-31.13268, -10.32242, 23.78138], "size": [3, 13, 3], "inflate": -1.25, "uv": [141, 95]},
						{"origin": [-30.13268, -10.32242, 24.78138], "size": [3, 13, 12], "inflate": -1.25, "uv": [54, 90]},
						{"origin": [-32.13269, -10.32242, 24.78138], "size": [3, 13, 12], "inflate": -1.25, "uv": [54, 90]}
					]
				},
				{
					"name": "bone194",
					"parent": "bone193",
					"pivot": [-39.6306, -2.47998, 36.6066],
					"cubes": [
						{"origin": [-30.13268, -10.32242, 24.78138], "size": [3, 13, 3], "inflate": -1.25, "uv": [141, 67]},
						{"origin": [-30.13268, -10.32242, 24.78138], "size": [3, 13, 3], "inflate": -1.25, "uv": [141, 67]}
					]
				},
				{
					"name": "bone195",
					"parent": "bone194",
					"pivot": [-39.6306, -2.47998, 36.6066],
					"rotation": [0, -67.5, 0],
					"cubes": [
						{"origin": [-46.84644, -10.32242, 20.91792], "size": [3, 13, 3], "inflate": -1.25, "uv": [89, 137]},
						{"origin": [-46.84644, -10.32242, 20.91792], "size": [3, 13, 3], "inflate": -1.25, "uv": [89, 137]}
					]
				},
				{
					"name": "bone196",
					"parent": "bone194",
					"pivot": [-39.6306, -2.47998, 36.6066],
					"rotation": [0, -45, 0],
					"cubes": [
						{"origin": [-41.36687, -10.32242, 19.73397], "size": [3, 13, 3], "inflate": -1.25, "uv": [89, 137]},
						{"origin": [-41.36687, -10.32242, 19.73397], "size": [3, 13, 3], "inflate": -1.25, "uv": [89, 137]}
					]
				},
				{
					"name": "bone197",
					"parent": "bone194",
					"pivot": [-39.6306, -2.47998, 36.6066],
					"rotation": [0, -22.5, 0],
					"cubes": [
						{"origin": [-35.85134, -10.32242, 20.73708], "size": [3, 13, 3], "inflate": -1.25, "uv": [89, 137]},
						{"origin": [-35.85134, -10.32242, 20.73708], "size": [3, 13, 3], "inflate": -1.25, "uv": [89, 137]}
					]
				},
				{
					"name": "bone198",
					"parent": "bone193",
					"pivot": [-44.1306, -2.47998, 36.6066],
					"cubes": [
						{"origin": [-32.13952, -10.32242, 24.78821], "size": [3, 13, 3], "inflate": -1.25, "uv": [141, 67], "mirror": true},
						{"origin": [-32.13952, -10.32242, 24.78821], "size": [3, 13, 3], "inflate": -1.25, "uv": [141, 67], "mirror": true}
					]
				},
				{
					"name": "bone199",
					"parent": "bone198",
					"pivot": [-44.1306, -2.47998, 36.6066],
					"rotation": [0, 67.5, 0],
					"cubes": [
						{"origin": [-30.54954, -10.32242, 43.54542], "size": [3, 13, 3], "inflate": -1.25, "uv": [89, 137], "mirror": true},
						{"origin": [-30.54954, -10.32242, 43.54542], "size": [3, 13, 3], "inflate": -1.25, "uv": [89, 137], "mirror": true}
					]
				},
				{
					"name": "bone200",
					"parent": "bone198",
					"pivot": [-44.1306, -2.47998, 36.6066],
					"rotation": [0, 45, 0],
					"cubes": [
						{"origin": [-28.08282, -10.32242, 37.05514], "size": [3, 13, 3], "inflate": -1.25, "uv": [89, 137], "mirror": true},
						{"origin": [-28.08282, -10.32242, 37.05514], "size": [3, 13, 3], "inflate": -1.25, "uv": [89, 137], "mirror": true}
					]
				},
				{
					"name": "bone201",
					"parent": "bone198",
					"pivot": [-44.1306, -2.47998, 36.6066],
					"rotation": [0, 22.5, 0],
					"cubes": [
						{"origin": [-28.28759, -10.32242, 30.11493], "size": [3, 13, 3], "inflate": -1.25, "uv": [89, 137], "mirror": true},
						{"origin": [-28.28759, -10.32242, 30.11493], "size": [3, 13, 3], "inflate": -1.25, "uv": [89, 137], "mirror": true}
					]
				},
				{
					"name": "bone73",
					"parent": "bone127",
					"pivot": [-13.63268, -11.57612, 27],
					"rotation": [105, 0, 90],
					"cubes": [
						{"origin": [-30.63268, -10.91927, 32.29796], "size": [2, 10, 10], "inflate": -0.25, "uv": [0, 127]},
						{"origin": [-30.13268, -12.41927, 31.79796], "size": [3, 13, 12], "inflate": -1.25, "uv": [54, 90]},
						{"origin": [-32.13269, -12.41927, 31.79796], "size": [3, 13, 12], "inflate": -1.25, "uv": [54, 90]},
						{"origin": [-31.13268, -12.41927, 30.79796], "size": [3, 13, 3], "inflate": -1.25, "uv": [141, 95]},
						{"origin": [-30.13268, -12.41927, 31.79796], "size": [3, 13, 12], "inflate": -1.25, "uv": [54, 90]},
						{"origin": [-32.13269, -12.41927, 31.79796], "size": [3, 13, 12], "inflate": -1.25, "uv": [54, 90]}
					]
				},
				{
					"name": "bone74",
					"parent": "bone73",
					"pivot": [-39.6306, 0.02002, 38.6066],
					"cubes": [
						{"origin": [-30.13268, -12.41927, 31.79796], "size": [3, 13, 3], "inflate": -1.25, "uv": [141, 67]},
						{"origin": [-30.13268, -12.41927, 31.79796], "size": [3, 13, 3], "inflate": -1.25, "uv": [141, 67]}
					]
				},
				{
					"name": "bone75",
					"parent": "bone74",
					"pivot": [-39.6306, 0.02002, 38.6066],
					"rotation": [0, -67.5, 0],
					"cubes": [
						{"origin": [-42.21173, -12.41927, 24.83768], "size": [3, 13, 3], "inflate": -1.25, "uv": [89, 137]},
						{"origin": [-42.21173, -12.41927, 24.83768], "size": [3, 13, 3], "inflate": -1.25, "uv": [89, 137]}
					]
				},
				{
					"name": "bone76",
					"parent": "bone74",
					"pivot": [-39.6306, 0.02002, 38.6066],
					"rotation": [0, -45, 0],
					"cubes": [
						{"origin": [-37.81962, -12.41927, 25.28123], "size": [3, 13, 3], "inflate": -1.25, "uv": [89, 137]},
						{"origin": [-37.81962, -12.41927, 25.28123], "size": [3, 13, 3], "inflate": -1.25, "uv": [89, 137]}
					]
				},
				{
					"name": "bone77",
					"parent": "bone74",
					"pivot": [-39.6306, 0.02002, 38.6066],
					"rotation": [0, -22.5, 0],
					"cubes": [
						{"origin": [-33.93157, -12.41927, 27.3718], "size": [3, 13, 3], "inflate": -1.25, "uv": [89, 137]},
						{"origin": [-33.93157, -12.41927, 27.3718], "size": [3, 13, 3], "inflate": -1.25, "uv": [89, 137]}
					]
				},
				{
					"name": "bone78",
					"parent": "bone73",
					"pivot": [-44.1306, 0.02002, 38.6066],
					"cubes": [
						{"origin": [-32.13952, -12.41927, 31.80479], "size": [3, 13, 3], "inflate": -1.25, "uv": [141, 67], "mirror": true},
						{"origin": [-32.13952, -12.41927, 31.80479], "size": [3, 13, 3], "inflate": -1.25, "uv": [141, 67], "mirror": true}
					]
				},
				{
					"name": "bone79",
					"parent": "bone78",
					"pivot": [-44.1306, 0.02002, 38.6066],
					"rotation": [0, 67.5, 0],
					"cubes": [
						{"origin": [-35.18426, -12.41927, 47.46518], "size": [3, 13, 3], "inflate": -1.25, "uv": [89, 137], "mirror": true},
						{"origin": [-35.18426, -12.41927, 47.46518], "size": [3, 13, 3], "inflate": -1.25, "uv": [89, 137], "mirror": true}
					]
				},
				{
					"name": "bone80",
					"parent": "bone78",
					"pivot": [-44.1306, 0.02002, 38.6066],
					"rotation": [0, 45, 0],
					"cubes": [
						{"origin": [-31.63008, -12.41927, 42.6024], "size": [3, 13, 3], "inflate": -1.25, "uv": [89, 137], "mirror": true},
						{"origin": [-31.63008, -12.41927, 42.6024], "size": [3, 13, 3], "inflate": -1.25, "uv": [89, 137], "mirror": true}
					]
				},
				{
					"name": "bone81",
					"parent": "bone78",
					"pivot": [-44.1306, 0.02002, 38.6066],
					"rotation": [0, 22.5, 0],
					"cubes": [
						{"origin": [-30.20736, -12.41927, 36.74965], "size": [3, 13, 3], "inflate": -1.25, "uv": [89, 137], "mirror": true},
						{"origin": [-30.20736, -12.41927, 36.74965], "size": [3, 13, 3], "inflate": -1.25, "uv": [89, 137], "mirror": true}
					]
				},
				{
					"name": "bone82",
					"parent": "bone127",
					"pivot": [-13.63268, -9.07612, 27],
					"rotation": [-17.5, 0, 90],
					"cubes": [
						{"origin": [-30.63268, -8.85203, 12.46462], "size": [2, 10, 10], "inflate": -0.25, "uv": [0, 127]},
						{"origin": [-30.13268, -10.35203, 11.96462], "size": [3, 13, 12], "inflate": -1.25, "uv": [54, 90]},
						{"origin": [-32.13269, -10.35203, 11.96461], "size": [3, 13, 12], "inflate": -1.25, "uv": [54, 90]},
						{"origin": [-31.13268, -10.35203, 10.96462], "size": [3, 13, 3], "inflate": -1.25, "uv": [141, 95]},
						{"origin": [-30.13268, -10.35203, 11.96462], "size": [3, 13, 12], "inflate": -1.25, "uv": [54, 90]},
						{"origin": [-32.13269, -10.35203, 11.96461], "size": [3, 13, 12], "inflate": -1.25, "uv": [54, 90]}
					]
				},
				{
					"name": "bone83",
					"parent": "bone82",
					"pivot": [-39.6306, 2.52002, 38.6066],
					"cubes": [
						{"origin": [-30.13268, -10.35203, 11.96462], "size": [3, 13, 3], "inflate": -1.25, "uv": [141, 67]},
						{"origin": [-30.13268, -10.35203, 11.96462], "size": [3, 13, 3], "inflate": -1.25, "uv": [141, 67]}
					]
				},
				{
					"name": "bone84",
					"parent": "bone83",
					"pivot": [-39.6306, 2.52002, 38.6066],
					"rotation": [0, -67.5, 0],
					"cubes": [
						{"origin": [-60.53534, -10.35203, 17.24779], "size": [3, 13, 3], "inflate": -1.25, "uv": [89, 137]},
						{"origin": [-60.53534, -10.35203, 17.24779], "size": [3, 13, 3], "inflate": -1.25, "uv": [89, 137]}
					]
				},
				{
					"name": "bone85",
					"parent": "bone83",
					"pivot": [-39.6306, 2.52002, 38.6066],
					"rotation": [0, -45, 0],
					"cubes": [
						{"origin": [-51.84391, -10.35203, 11.25694], "size": [3, 13, 3], "inflate": -1.25, "uv": [89, 137]},
						{"origin": [-51.84391, -10.35203, 11.25694], "size": [3, 13, 3], "inflate": -1.25, "uv": [89, 137]}
					]
				},
				{
					"name": "bone86",
					"parent": "bone83",
					"pivot": [-39.6306, 2.52002, 38.6066],
					"rotation": [0, -22.5, 0],
					"cubes": [
						{"origin": [-41.52146, -10.35203, 9.04818], "size": [3, 13, 3], "inflate": -1.25, "uv": [89, 137]},
						{"origin": [-41.52146, -10.35203, 9.04818], "size": [3, 13, 3], "inflate": -1.25, "uv": [89, 137]}
					]
				},
				{
					"name": "bone87",
					"parent": "bone82",
					"pivot": [-44.1306, 2.52002, 38.6066],
					"cubes": [
						{"origin": [-32.13952, -10.35203, 11.97145], "size": [3, 13, 3], "inflate": -1.25, "uv": [141, 67], "mirror": true},
						{"origin": [-32.13952, -10.35203, 11.97145], "size": [3, 13, 3], "inflate": -1.25, "uv": [141, 67], "mirror": true}
					]
				},
				{
					"name": "bone88",
					"parent": "bone87",
					"pivot": [-44.1306, 2.52002, 38.6066],
					"rotation": [0, 67.5, 0],
					"cubes": [
						{"origin": [-16.86064, -10.35203, 39.87529], "size": [3, 13, 3], "inflate": -1.25, "uv": [89, 137], "mirror": true},
						{"origin": [-16.86064, -10.35203, 39.87529], "size": [3, 13, 3], "inflate": -1.25, "uv": [89, 137], "mirror": true}
					]
				},
				{
					"name": "bone89",
					"parent": "bone87",
					"pivot": [-44.1306, 2.52002, 38.6066],
					"rotation": [0, 45, 0],
					"cubes": [
						{"origin": [-17.60579, -10.35203, 28.57811], "size": [3, 13, 3], "inflate": -1.25, "uv": [89, 137], "mirror": true},
						{"origin": [-17.60579, -10.35203, 28.57811], "size": [3, 13, 3], "inflate": -1.25, "uv": [89, 137], "mirror": true}
					]
				},
				{
					"name": "bone90",
					"parent": "bone87",
					"pivot": [-44.1306, 2.52002, 38.6066],
					"rotation": [0, 22.5, 0],
					"cubes": [
						{"origin": [-22.61747, -10.35203, 18.42603], "size": [3, 13, 3], "inflate": -1.25, "uv": [89, 137], "mirror": true},
						{"origin": [-22.61747, -10.35203, 18.42603], "size": [3, 13, 3], "inflate": -1.25, "uv": [89, 137], "mirror": true}
					]
				},
				{
					"name": "bone128",
					"parent": "bone",
					"pivot": [-6, 0, 3]
				},
				{
					"name": "bone129",
					"parent": "bone128",
					"pivot": [7, 3, 27.5],
					"cubes": [
						{"origin": [11, 13.5, 15], "size": [3, 13, 12], "inflate": -1.25, "uv": [54, 90], "mirror": true},
						{"origin": [15, 13.5, 15], "size": [3, 13, 12], "inflate": -1.25, "uv": [54, 90], "mirror": true},
						{"origin": [12, 13.5, 14], "size": [5, 13, 3], "inflate": -1.25, "uv": [103, 130], "mirror": true},
						{"origin": [12.5, 15, 15.5], "size": [4, 10, 10], "inflate": -0.25, "uv": [74, 116], "mirror": true},
						{"origin": [11, 13.5, 15], "size": [3, 13, 12], "inflate": -1.25, "uv": [54, 90], "mirror": true},
						{"origin": [15, 13.5, 15], "size": [3, 13, 12], "inflate": -1.25, "uv": [54, 90], "mirror": true},
						{"origin": [12, 13.5, 14], "size": [5, 13, 3], "inflate": -1.25, "uv": [103, 130], "mirror": true}
					]
				},
				{
					"name": "bone130",
					"parent": "bone129",
					"pivot": [4.5, 3, 29],
					"cubes": [
						{"origin": [11, 13.5, 15], "size": [3, 13, 3], "inflate": -1.25, "uv": [141, 67], "mirror": true},
						{"origin": [11, 13.5, 15], "size": [3, 13, 3], "inflate": -1.25, "uv": [141, 67], "mirror": true}
					]
				},
				{
					"name": "bone131",
					"parent": "bone130",
					"pivot": [4.5, 3, 29],
					"rotation": [0, 67.5, 0],
					"cubes": [
						{"origin": [17.99526, 13.5, 30.03085], "size": [3, 13, 3], "inflate": -1.25, "uv": [89, 137], "mirror": true},
						{"origin": [17.99526, 13.5, 30.03085], "size": [3, 13, 3], "inflate": -1.25, "uv": [89, 137], "mirror": true}
					]
				},
				{
					"name": "bone132",
					"parent": "bone130",
					"pivot": [4.5, 3, 29],
					"rotation": [0, 45, 0],
					"cubes": [
						{"origin": [18.20763, 13.5, 24.02312], "size": [3, 13, 3], "inflate": -1.25, "uv": [89, 137], "mirror": true},
						{"origin": [18.20763, 13.5, 24.02312], "size": [3, 13, 3], "inflate": -1.25, "uv": [89, 137], "mirror": true}
					]
				},
				{
					"name": "bone133",
					"parent": "bone130",
					"pivot": [4.5, 3, 29],
					"rotation": [0, 22.5, 0],
					"cubes": [
						{"origin": [16.10477, 13.5, 18.39144], "size": [3, 13, 3], "inflate": -1.25, "uv": [89, 137], "mirror": true},
						{"origin": [16.10477, 13.5, 18.39144], "size": [3, 13, 3], "inflate": -1.25, "uv": [89, 137], "mirror": true}
					]
				},
				{
					"name": "bone134",
					"parent": "bone129",
					"pivot": [9, 3, 29],
					"cubes": [
						{"origin": [15.00683, 13.5, 15.00683], "size": [3, 13, 3], "inflate": -1.25, "uv": [141, 67]},
						{"origin": [15.00683, 13.5, 15.00683], "size": [3, 13, 3], "inflate": -1.25, "uv": [141, 67]}
					]
				},
				{
					"name": "bone135",
					"parent": "bone134",
					"pivot": [9, 3, 29],
					"rotation": [0, -67.5, 0],
					"cubes": [
						{"origin": [-1.55474, 13.5, 15.70702], "size": [3, 13, 3], "inflate": -1.25, "uv": [89, 137]},
						{"origin": [-1.55474, 13.5, 15.70702], "size": [3, 13, 3], "inflate": -1.25, "uv": [89, 137]}
					]
				},
				{
					"name": "bone136",
					"parent": "bone134",
					"pivot": [9, 3, 29],
					"rotation": [0, -45, 0],
					"cubes": [
						{"origin": [3.26219, 13.5, 13.06297], "size": [3, 13, 3], "inflate": -1.25, "uv": [89, 137]},
						{"origin": [3.26219, 13.5, 13.06297], "size": [3, 13, 3], "inflate": -1.25, "uv": [89, 137]}
					]
				},
				{
					"name": "bone137",
					"parent": "bone134",
					"pivot": [9, 3, 29],
					"rotation": [0, -22.5, 0],
					"cubes": [
						{"origin": [8.72429, 13.5, 12.46354], "size": [3, 13, 3], "inflate": -1.25, "uv": [89, 137]},
						{"origin": [8.72429, 13.5, 12.46354], "size": [3, 13, 3], "inflate": -1.25, "uv": [89, 137]}
					]
				},
				{
					"name": "bone138",
					"parent": "bone128",
					"pivot": [-2, 3, 27.5],
					"cubes": [
						{"origin": [3.5, 15, 15.5], "size": [4, 10, 10], "inflate": -0.25, "uv": [118, 46], "mirror": true},
						{"origin": [2, 13.5, 15], "size": [3, 13, 12], "inflate": -1.25, "uv": [104, 104]},
						{"origin": [6, 13.5, 15], "size": [3, 13, 12], "inflate": -1.25, "uv": [104, 104]},
						{"origin": [3, 13.5, 14], "size": [5, 13, 3], "inflate": -1.25, "uv": [42, 134]},
						{"origin": [2, 13.5, 15], "size": [3, 13, 12], "inflate": -1.25, "uv": [104, 104]},
						{"origin": [6, 13.5, 15], "size": [3, 13, 12], "inflate": -1.25, "uv": [104, 104]},
						{"origin": [3, 13.5, 14], "size": [5, 13, 3], "inflate": -1.25, "uv": [42, 134]}
					]
				},
				{
					"name": "bone139",
					"parent": "bone138",
					"pivot": [-4.5, 3, 29],
					"cubes": [
						{"origin": [2, 13.5, 15], "size": [3, 13, 3], "inflate": -1.25, "uv": [13, 148], "mirror": true},
						{"origin": [2, 13.5, 15], "size": [3, 13, 3], "inflate": -1.25, "uv": [13, 148], "mirror": true}
					]
				},
				{
					"name": "bone140",
					"parent": "bone139",
					"pivot": [-4.5, 3, 29],
					"rotation": [0, 67.5, 0],
					"cubes": [
						{"origin": [8.99526, 13.5, 30.03085], "size": [3, 13, 3], "inflate": -1.25, "uv": [125, 141], "mirror": true},
						{"origin": [8.99526, 13.5, 30.03085], "size": [3, 13, 3], "inflate": -1.25, "uv": [125, 141], "mirror": true}
					]
				},
				{
					"name": "bone141",
					"parent": "bone139",
					"pivot": [-4.5, 3, 29],
					"rotation": [0, 45, 0],
					"cubes": [
						{"origin": [9.20763, 13.5, 24.02312], "size": [3, 13, 3], "inflate": -1.25, "uv": [125, 141], "mirror": true},
						{"origin": [9.20763, 13.5, 24.02312], "size": [3, 13, 3], "inflate": -1.25, "uv": [125, 141], "mirror": true}
					]
				},
				{
					"name": "bone142",
					"parent": "bone139",
					"pivot": [-4.5, 3, 29],
					"rotation": [0, 22.5, 0],
					"cubes": [
						{"origin": [7.10477, 13.5, 18.39144], "size": [3, 13, 3], "inflate": -1.25, "uv": [125, 141], "mirror": true},
						{"origin": [7.10477, 13.5, 18.39144], "size": [3, 13, 3], "inflate": -1.25, "uv": [125, 141], "mirror": true}
					]
				},
				{
					"name": "bone143",
					"parent": "bone138",
					"pivot": [0, 3, 29],
					"cubes": [
						{"origin": [6.00683, 13.5, 15.00683], "size": [3, 13, 3], "inflate": -1.25, "uv": [13, 148]},
						{"origin": [6.00683, 13.5, 15.00683], "size": [3, 13, 3], "inflate": -1.25, "uv": [13, 148]}
					]
				},
				{
					"name": "bone144",
					"parent": "bone143",
					"pivot": [0, 3, 29],
					"rotation": [0, -67.5, 0],
					"cubes": [
						{"origin": [-10.55474, 13.5, 15.70702], "size": [3, 13, 3], "inflate": -1.25, "uv": [125, 141]},
						{"origin": [-10.55474, 13.5, 15.70702], "size": [3, 13, 3], "inflate": -1.25, "uv": [125, 141]}
					]
				},
				{
					"name": "bone145",
					"parent": "bone143",
					"pivot": [0, 3, 29],
					"rotation": [0, -45, 0],
					"cubes": [
						{"origin": [-5.73781, 13.5, 13.06297], "size": [3, 13, 3], "inflate": -1.25, "uv": [125, 141]},
						{"origin": [-5.73781, 13.5, 13.06297], "size": [3, 13, 3], "inflate": -1.25, "uv": [125, 141]}
					]
				},
				{
					"name": "bone146",
					"parent": "bone143",
					"pivot": [0, 3, 29],
					"rotation": [0, -22.5, 0],
					"cubes": [
						{"origin": [-0.27571, 13.5, 12.46354], "size": [3, 13, 3], "inflate": -1.25, "uv": [125, 141]},
						{"origin": [-0.27571, 13.5, 12.46354], "size": [3, 13, 3], "inflate": -1.25, "uv": [125, 141]}
					]
				},
				{
					"name": "bone147",
					"parent": "bone128",
					"pivot": [-15, 3, 27.5],
					"cubes": [
						{"origin": [-11, 13.5, 15], "size": [3, 13, 12], "inflate": -1.25, "uv": [99, 58], "mirror": true},
						{"origin": [-7, 13.5, 15], "size": [3, 13, 12], "inflate": -1.25, "uv": [99, 58], "mirror": true},
						{"origin": [-10, 13.5, 14], "size": [5, 13, 3], "inflate": -1.25, "uv": [25, 131], "mirror": true},
						{"origin": [-9.5, 15, 15.5], "size": [4, 10, 10], "inflate": -0.25, "uv": [118, 46], "mirror": true},
						{"origin": [-11, 13.5, 15], "size": [3, 13, 12], "inflate": -1.25, "uv": [99, 58], "mirror": true},
						{"origin": [-7, 13.5, 15], "size": [3, 13, 12], "inflate": -1.25, "uv": [99, 58], "mirror": true},
						{"origin": [-10, 13.5, 14], "size": [5, 13, 3], "inflate": -1.25, "uv": [25, 131], "mirror": true}
					]
				},
				{
					"name": "bone148",
					"parent": "bone147",
					"pivot": [-17.5, 3, 29],
					"cubes": [
						{"origin": [-11, 13.5, 15], "size": [3, 13, 3], "inflate": -1.25, "uv": [0, 148], "mirror": true},
						{"origin": [-11, 13.5, 15], "size": [3, 13, 3], "inflate": -1.25, "uv": [0, 148], "mirror": true}
					]
				},
				{
					"name": "bone149",
					"parent": "bone148",
					"pivot": [-17.5, 3, 29],
					"rotation": [0, 67.5, 0],
					"cubes": [
						{"origin": [-4.00474, 13.5, 30.03085], "size": [3, 13, 3], "inflate": -1.25, "uv": [102, 147], "mirror": true},
						{"origin": [-4.00474, 13.5, 30.03085], "size": [3, 13, 3], "inflate": -1.25, "uv": [102, 147], "mirror": true}
					]
				},
				{
					"name": "bone150",
					"parent": "bone148",
					"pivot": [-17.5, 3, 29],
					"rotation": [0, 45, 0],
					"cubes": [
						{"origin": [-3.79237, 13.5, 24.02312], "size": [3, 13, 3], "inflate": -1.25, "uv": [102, 147], "mirror": true},
						{"origin": [-3.79237, 13.5, 24.02312], "size": [3, 13, 3], "inflate": -1.25, "uv": [102, 147], "mirror": true}
					]
				},
				{
					"name": "bone151",
					"parent": "bone148",
					"pivot": [-17.5, 3, 29],
					"rotation": [0, 22.5, 0],
					"cubes": [
						{"origin": [-5.89523, 13.5, 18.39144], "size": [3, 13, 3], "inflate": -1.25, "uv": [102, 147], "mirror": true},
						{"origin": [-5.89523, 13.5, 18.39144], "size": [3, 13, 3], "inflate": -1.25, "uv": [102, 147], "mirror": true}
					]
				},
				{
					"name": "bone152",
					"parent": "bone147",
					"pivot": [-13, 3, 29],
					"cubes": [
						{"origin": [-6.99317, 13.5, 15.00683], "size": [3, 13, 3], "inflate": -1.25, "uv": [0, 148]},
						{"origin": [-6.99317, 13.5, 15.00683], "size": [3, 13, 3], "inflate": -1.25, "uv": [0, 148]}
					]
				},
				{
					"name": "bone153",
					"parent": "bone152",
					"pivot": [-13, 3, 29],
					"rotation": [0, -67.5, 0],
					"cubes": [
						{"origin": [-23.55474, 13.5, 15.70702], "size": [3, 13, 3], "inflate": -1.25, "uv": [102, 147]},
						{"origin": [-23.55474, 13.5, 15.70702], "size": [3, 13, 3], "inflate": -1.25, "uv": [102, 147]}
					]
				},
				{
					"name": "bone154",
					"parent": "bone152",
					"pivot": [-13, 3, 29],
					"rotation": [0, -45, 0],
					"cubes": [
						{"origin": [-18.73781, 13.5, 13.06297], "size": [3, 13, 3], "inflate": -1.25, "uv": [102, 147]},
						{"origin": [-18.73781, 13.5, 13.06297], "size": [3, 13, 3], "inflate": -1.25, "uv": [102, 147]}
					]
				},
				{
					"name": "bone155",
					"parent": "bone152",
					"pivot": [-13, 3, 29],
					"rotation": [0, -22.5, 0],
					"cubes": [
						{"origin": [-13.27571, 13.5, 12.46354], "size": [3, 13, 3], "inflate": -1.25, "uv": [102, 147]},
						{"origin": [-13.27571, 13.5, 12.46354], "size": [3, 13, 3], "inflate": -1.25, "uv": [102, 147]}
					]
				},
				{
					"name": "bone156",
					"parent": "bone128",
					"pivot": [3, 3, 27.5],
					"cubes": [
						{"origin": [7, 13.5, 15], "size": [3, 13, 12], "inflate": -1.25, "uv": [54, 90], "mirror": true},
						{"origin": [10, 13.5, 15], "size": [3, 13, 12], "inflate": -1.25, "uv": [54, 90], "mirror": true},
						{"origin": [8, 13.5, 14], "size": [4, 13, 3], "inflate": -1.25, "uv": [59, 134], "mirror": true},
						{"origin": [7, 13.5, 15], "size": [3, 13, 12], "inflate": -1.25, "uv": [54, 90], "mirror": true},
						{"origin": [10, 13.5, 15], "size": [3, 13, 12], "inflate": -1.25, "uv": [54, 90], "mirror": true},
						{"origin": [8, 13.5, 14], "size": [4, 13, 3], "inflate": -1.25, "uv": [59, 134], "mirror": true},
						{"origin": [8.5, 15, 15.5], "size": [3, 10, 10], "inflate": -0.25, "uv": [124, 74], "mirror": true}
					]
				},
				{
					"name": "bone157",
					"parent": "bone156",
					"pivot": [0.5, 3, 29],
					"cubes": [
						{"origin": [7, 13.5, 15], "size": [3, 13, 3], "inflate": -1.25, "uv": [141, 67], "mirror": true},
						{"origin": [7, 13.5, 15], "size": [3, 13, 3], "inflate": -1.25, "uv": [141, 67], "mirror": true}
					]
				},
				{
					"name": "bone158",
					"parent": "bone157",
					"pivot": [0.5, 3, 29],
					"rotation": [0, 67.5, 0],
					"cubes": [
						{"origin": [13.99526, 13.5, 30.03085], "size": [3, 13, 3], "inflate": -1.25, "uv": [89, 137], "mirror": true},
						{"origin": [13.99526, 13.5, 30.03085], "size": [3, 13, 3], "inflate": -1.25, "uv": [89, 137], "mirror": true}
					]
				},
				{
					"name": "bone159",
					"parent": "bone157",
					"pivot": [0.5, 3, 29],
					"rotation": [0, 45, 0],
					"cubes": [
						{"origin": [14.20763, 13.5, 24.02312], "size": [3, 13, 3], "inflate": -1.25, "uv": [89, 137], "mirror": true},
						{"origin": [14.20763, 13.5, 24.02312], "size": [3, 13, 3], "inflate": -1.25, "uv": [89, 137], "mirror": true}
					]
				},
				{
					"name": "bone160",
					"parent": "bone157",
					"pivot": [0.5, 3, 29],
					"rotation": [0, 22.5, 0],
					"cubes": [
						{"origin": [12.10477, 13.5, 18.39144], "size": [3, 13, 3], "inflate": -1.25, "uv": [89, 137], "mirror": true},
						{"origin": [12.10477, 13.5, 18.39144], "size": [3, 13, 3], "inflate": -1.25, "uv": [89, 137], "mirror": true}
					]
				},
				{
					"name": "bone161",
					"parent": "bone156",
					"pivot": [5, 3, 29],
					"cubes": [
						{"origin": [10.00683, 13.5, 15.00683], "size": [3, 13, 3], "inflate": -1.25, "uv": [141, 67]},
						{"origin": [10.00683, 13.5, 15.00683], "size": [3, 13, 3], "inflate": -1.25, "uv": [141, 67]}
					]
				},
				{
					"name": "bone162",
					"parent": "bone161",
					"pivot": [5, 3, 29],
					"rotation": [0, -67.5, 0],
					"cubes": [
						{"origin": [-5.93742, 13.5, 16.6309], "size": [3, 13, 3], "inflate": -1.25, "uv": [89, 137]},
						{"origin": [-5.93742, 13.5, 16.6309], "size": [3, 13, 3], "inflate": -1.25, "uv": [89, 137]}
					]
				},
				{
					"name": "bone163",
					"parent": "bone161",
					"pivot": [5, 3, 29],
					"rotation": [0, -45, 0],
					"cubes": [
						{"origin": [-1.44492, 13.5, 13.77007], "size": [3, 13, 3], "inflate": -1.25, "uv": [89, 137]},
						{"origin": [-1.44492, 13.5, 13.77007], "size": [3, 13, 3], "inflate": -1.25, "uv": [89, 137]}
					]
				},
				{
					"name": "bone164",
					"parent": "bone161",
					"pivot": [5, 3, 29],
					"rotation": [0, -22.5, 0],
					"cubes": [
						{"origin": [3.80041, 13.5, 12.84622], "size": [3, 13, 3], "inflate": -1.25, "uv": [89, 137]},
						{"origin": [3.80041, 13.5, 12.84622], "size": [3, 13, 3], "inflate": -1.25, "uv": [89, 137]}
					]
				},
				{
					"name": "bone165",
					"parent": "bone128",
					"pivot": [-8.75, 3.5, 27.5],
					"rotation": [0, 0, -22.5],
					"cubes": [
						{"origin": [1.14665, 9.64448, 15], "size": [3, 13, 12], "inflate": -1.25, "uv": [54, 90], "mirror": true},
						{"origin": [4.14666, 9.64448, 15], "size": [3, 13, 12], "inflate": -1.25, "uv": [54, 90], "mirror": true},
						{"origin": [2.14665, 9.64448, 14], "size": [4, 13, 3], "inflate": -1.25, "uv": [59, 134], "mirror": true},
						{"origin": [1.14665, 9.64448, 15], "size": [3, 13, 12], "inflate": -1.25, "uv": [54, 90], "mirror": true},
						{"origin": [4.14666, 9.64448, 15], "size": [3, 13, 12], "inflate": -1.25, "uv": [54, 90], "mirror": true},
						{"origin": [2.14665, 9.64448, 14], "size": [4, 13, 3], "inflate": -1.25, "uv": [59, 134], "mirror": true}
					]
				},
				{
					"name": "bone166",
					"parent": "bone165",
					"pivot": [-11.25, 3.5, 29],
					"cubes": [
						{"origin": [1.14665, 9.64448, 15], "size": [3, 13, 3], "inflate": -1.25, "uv": [141, 67], "mirror": true},
						{"origin": [1.14665, 9.64448, 15], "size": [3, 13, 3], "inflate": -1.25, "uv": [141, 67], "mirror": true}
					]
				},
				{
					"name": "bone167",
					"parent": "bone166",
					"pivot": [-11.25, 3.5, 29],
					"rotation": [0, 67.5, 0],
					"cubes": [
						{"origin": [4.50181, 9.64448, 35.47865], "size": [3, 13, 3], "inflate": -1.25, "uv": [89, 137], "mirror": true},
						{"origin": [4.50181, 9.64448, 35.47865], "size": [3, 13, 3], "inflate": -1.25, "uv": [89, 137], "mirror": true}
					]
				},
				{
					"name": "bone168",
					"parent": "bone166",
					"pivot": [-11.25, 3.5, 29],
					"rotation": [0, 45, 0],
					"cubes": [
						{"origin": [6.62719, 9.64448, 28.19269], "size": [3, 13, 3], "inflate": -1.25, "uv": [89, 137], "mirror": true},
						{"origin": [6.62719, 9.64448, 28.19269], "size": [3, 13, 3], "inflate": -1.25, "uv": [89, 137], "mirror": true}
					]
				},
				{
					"name": "bone169",
					"parent": "bone166",
					"pivot": [-11.25, 3.5, 29],
					"rotation": [0, 22.5, 0],
					"cubes": [
						{"origin": [5.80257, 9.64448, 20.64799], "size": [3, 13, 3], "inflate": -1.25, "uv": [89, 137], "mirror": true},
						{"origin": [5.80257, 9.64448, 20.64799], "size": [3, 13, 3], "inflate": -1.25, "uv": [89, 137], "mirror": true}
					]
				},
				{
					"name": "bone170",
					"parent": "bone165",
					"pivot": [-6.75, 3.5, 29],
					"cubes": [
						{"origin": [4.15349, 9.64448, 15.00683], "size": [3, 13, 3], "inflate": -1.25, "uv": [141, 67]},
						{"origin": [4.15349, 9.64448, 15.00683], "size": [3, 13, 3], "inflate": -1.25, "uv": [141, 67]}
					]
				},
				{
					"name": "bone171",
					"parent": "bone170",
					"pivot": [-6.75, 3.5, 29],
					"rotation": [0, -67.5, 0],
					"cubes": [
						{"origin": [-15.43087, 9.64448, 11.1831], "size": [3, 13, 3], "inflate": -1.25, "uv": [89, 137]},
						{"origin": [-15.43087, 9.64448, 11.1831], "size": [3, 13, 3], "inflate": -1.25, "uv": [89, 137]}
					]
				},
				{
					"name": "bone172",
					"parent": "bone170",
					"pivot": [-6.75, 3.5, 29],
					"rotation": [0, -45, 0],
					"cubes": [
						{"origin": [-9.02535, 9.64448, 9.60051], "size": [3, 13, 3], "inflate": -1.25, "uv": [89, 137]},
						{"origin": [-9.02535, 9.64448, 9.60051], "size": [3, 13, 3], "inflate": -1.25, "uv": [89, 137]}
					]
				},
				{
					"name": "bone173",
					"parent": "bone170",
					"pivot": [-6.75, 3.5, 29],
					"rotation": [0, -22.5, 0],
					"cubes": [
						{"origin": [-2.50179, 9.64448, 10.58967], "size": [3, 13, 3], "inflate": -1.25, "uv": [89, 137]},
						{"origin": [-2.50179, 9.64448, 10.58967], "size": [3, 13, 3], "inflate": -1.25, "uv": [89, 137]}
					]
				},
				{
					"name": "bone174",
					"parent": "bone128",
					"pivot": [-8.75, 3.5, 27.5],
					"rotation": [0, 0, -22.5],
					"cubes": [
						{"origin": [1.14665, 9.64448, 15], "size": [3, 13, 12], "inflate": -1.25, "uv": [54, 90], "mirror": true},
						{"origin": [4.14666, 9.64448, 15], "size": [3, 13, 12], "inflate": -1.25, "uv": [54, 90], "mirror": true},
						{"origin": [2.14665, 9.64448, 14], "size": [4, 13, 3], "inflate": -1.25, "uv": [59, 134], "mirror": true},
						{"origin": [2.64665, 11.14448, 15.5], "size": [3, 10, 10], "inflate": -0.25, "uv": [124, 74], "mirror": true},
						{"origin": [1.14665, 9.64448, 15], "size": [3, 13, 12], "inflate": -1.25, "uv": [54, 90], "mirror": true},
						{"origin": [4.14666, 9.64448, 15], "size": [3, 13, 12], "inflate": -1.25, "uv": [54, 90], "mirror": true},
						{"origin": [2.14665, 9.64448, 14], "size": [4, 13, 3], "inflate": -1.25, "uv": [59, 134], "mirror": true}
					]
				},
				{
					"name": "bone175",
					"parent": "bone174",
					"pivot": [-11.25, 3.5, 29],
					"cubes": [
						{"origin": [1.14665, 9.64448, 15], "size": [3, 13, 3], "inflate": -1.25, "uv": [141, 67], "mirror": true},
						{"origin": [1.14665, 9.64448, 15], "size": [3, 13, 3], "inflate": -1.25, "uv": [141, 67], "mirror": true}
					]
				},
				{
					"name": "bone176",
					"parent": "bone175",
					"pivot": [-11.25, 3.5, 29],
					"rotation": [0, 67.5, 0],
					"cubes": [
						{"origin": [4.50181, 9.64448, 35.47865], "size": [3, 13, 3], "inflate": -1.25, "uv": [89, 137], "mirror": true},
						{"origin": [4.50181, 9.64448, 35.47865], "size": [3, 13, 3], "inflate": -1.25, "uv": [89, 137], "mirror": true}
					]
				},
				{
					"name": "bone177",
					"parent": "bone175",
					"pivot": [-11.25, 3.5, 29],
					"rotation": [0, 45, 0],
					"cubes": [
						{"origin": [6.62719, 9.64448, 28.19269], "size": [3, 13, 3], "inflate": -1.25, "uv": [89, 137], "mirror": true},
						{"origin": [6.62719, 9.64448, 28.19269], "size": [3, 13, 3], "inflate": -1.25, "uv": [89, 137], "mirror": true}
					]
				},
				{
					"name": "bone178",
					"parent": "bone175",
					"pivot": [-11.25, 3.5, 29],
					"rotation": [0, 22.5, 0],
					"cubes": [
						{"origin": [5.80257, 9.64448, 20.64799], "size": [3, 13, 3], "inflate": -1.25, "uv": [89, 137], "mirror": true},
						{"origin": [5.80257, 9.64448, 20.64799], "size": [3, 13, 3], "inflate": -1.25, "uv": [89, 137], "mirror": true}
					]
				},
				{
					"name": "bone179",
					"parent": "bone174",
					"pivot": [-6.75, 3.5, 29],
					"cubes": [
						{"origin": [4.15349, 9.64448, 15.00683], "size": [3, 13, 3], "inflate": -1.25, "uv": [141, 67]},
						{"origin": [4.15349, 9.64448, 15.00683], "size": [3, 13, 3], "inflate": -1.25, "uv": [141, 67]}
					]
				},
				{
					"name": "bone180",
					"parent": "bone179",
					"pivot": [-6.75, 3.5, 29],
					"rotation": [0, -67.5, 0],
					"cubes": [
						{"origin": [-15.43087, 9.64448, 11.1831], "size": [3, 13, 3], "inflate": -1.25, "uv": [89, 137]},
						{"origin": [-15.43087, 9.64448, 11.1831], "size": [3, 13, 3], "inflate": -1.25, "uv": [89, 137]}
					]
				},
				{
					"name": "bone181",
					"parent": "bone179",
					"pivot": [-6.75, 3.5, 29],
					"rotation": [0, -45, 0],
					"cubes": [
						{"origin": [-9.02535, 9.64448, 9.60051], "size": [3, 13, 3], "inflate": -1.25, "uv": [89, 137]},
						{"origin": [-9.02535, 9.64448, 9.60051], "size": [3, 13, 3], "inflate": -1.25, "uv": [89, 137]}
					]
				},
				{
					"name": "bone182",
					"parent": "bone179",
					"pivot": [-6.75, 3.5, 29],
					"rotation": [0, -22.5, 0],
					"cubes": [
						{"origin": [-2.50179, 9.64448, 10.58967], "size": [3, 13, 3], "inflate": -1.25, "uv": [89, 137]},
						{"origin": [-2.50179, 9.64448, 10.58967], "size": [3, 13, 3], "inflate": -1.25, "uv": [89, 137]}
					]
				},
				{
					"name": "bone183",
					"parent": "bone128",
					"pivot": [-18.5, 3, 27.5],
					"cubes": [
						{"origin": [-14.5, 13.5, 15], "size": [3, 13, 12], "inflate": -1.25, "uv": [54, 90], "mirror": true},
						{"origin": [-11.5, 13.5, 15], "size": [3, 13, 12], "inflate": -1.25, "uv": [54, 90], "mirror": true},
						{"origin": [-13.5, 13.5, 14], "size": [4, 13, 3], "inflate": -1.25, "uv": [59, 134], "mirror": true},
						{"origin": [-13, 15, 15.5], "size": [3, 10, 10], "inflate": -0.25, "uv": [124, 74], "mirror": true},
						{"origin": [-14.5, 13.5, 15], "size": [3, 13, 12], "inflate": -1.25, "uv": [54, 90], "mirror": true},
						{"origin": [-11.5, 13.5, 15], "size": [3, 13, 12], "inflate": -1.25, "uv": [54, 90], "mirror": true},
						{"origin": [-13.5, 13.5, 14], "size": [4, 13, 3], "inflate": -1.25, "uv": [59, 134], "mirror": true}
					]
				},
				{
					"name": "bone184",
					"parent": "bone183",
					"pivot": [-21, 3, 29],
					"cubes": [
						{"origin": [-14.5, 13.5, 15], "size": [3, 13, 3], "inflate": -1.25, "uv": [141, 67], "mirror": true},
						{"origin": [-14.5, 13.5, 15], "size": [3, 13, 3], "inflate": -1.25, "uv": [141, 67], "mirror": true}
					]
				},
				{
					"name": "bone185",
					"parent": "bone184",
					"pivot": [-21, 3, 29],
					"rotation": [0, 67.5, 0],
					"cubes": [
						{"origin": [-7.50474, 13.5, 30.03085], "size": [3, 13, 3], "inflate": -1.25, "uv": [89, 137], "mirror": true},
						{"origin": [-7.50474, 13.5, 30.03085], "size": [3, 13, 3], "inflate": -1.25, "uv": [89, 137], "mirror": true}
					]
				},
				{
					"name": "bone186",
					"parent": "bone184",
					"pivot": [-21, 3, 29],
					"rotation": [0, 45, 0],
					"cubes": [
						{"origin": [-7.29237, 13.5, 24.02312], "size": [3, 13, 3], "inflate": -1.25, "uv": [89, 137], "mirror": true},
						{"origin": [-7.29237, 13.5, 24.02312], "size": [3, 13, 3], "inflate": -1.25, "uv": [89, 137], "mirror": true}
					]
				},
				{
					"name": "bone187",
					"parent": "bone184",
					"pivot": [-21, 3, 29],
					"rotation": [0, 22.5, 0],
					"cubes": [
						{"origin": [-9.39523, 13.5, 18.39144], "size": [3, 13, 3], "inflate": -1.25, "uv": [89, 137], "mirror": true},
						{"origin": [-9.39523, 13.5, 18.39144], "size": [3, 13, 3], "inflate": -1.25, "uv": [89, 137], "mirror": true}
					]
				},
				{
					"name": "bone188",
					"parent": "bone183",
					"pivot": [-16.5, 3, 29],
					"cubes": [
						{"origin": [-11.49317, 13.5, 15.00683], "size": [3, 13, 3], "inflate": -1.25, "uv": [141, 67]},
						{"origin": [-11.49317, 13.5, 15.00683], "size": [3, 13, 3], "inflate": -1.25, "uv": [141, 67]}
					]
				},
				{
					"name": "bone189",
					"parent": "bone188",
					"pivot": [-16.5, 3, 29],
					"rotation": [0, -67.5, 0],
					"cubes": [
						{"origin": [-27.43742, 13.5, 16.6309], "size": [3, 13, 3], "inflate": -1.25, "uv": [89, 137]},
						{"origin": [-27.43742, 13.5, 16.6309], "size": [3, 13, 3], "inflate": -1.25, "uv": [89, 137]}
					]
				},
				{
					"name": "bone190",
					"parent": "bone188",
					"pivot": [-16.5, 3, 29],
					"rotation": [0, -45, 0],
					"cubes": [
						{"origin": [-22.94492, 13.5, 13.77007], "size": [3, 13, 3], "inflate": -1.25, "uv": [89, 137]},
						{"origin": [-22.94492, 13.5, 13.77007], "size": [3, 13, 3], "inflate": -1.25, "uv": [89, 137]}
					]
				},
				{
					"name": "bone191",
					"parent": "bone188",
					"pivot": [-16.5, 3, 29],
					"rotation": [0, -22.5, 0],
					"cubes": [
						{"origin": [-17.69959, 13.5, 12.84622], "size": [3, 13, 3], "inflate": -1.25, "uv": [89, 137]},
						{"origin": [-17.69959, 13.5, 12.84622], "size": [3, 13, 3], "inflate": -1.25, "uv": [89, 137]}
					]
				},
				{
					"name": "bone192",
					"parent": "bone",
					"pivot": [-28, 17, 27.5]
				},
				{
					"name": "bone211",
					"parent": "bone192",
					"pivot": [-7.1, 17, 27.5],
					"cubes": [
						{"origin": [-3.1, 27.5, 15], "size": [3, 13, 12], "inflate": -1.25, "uv": [54, 90]},
						{"origin": [-7.1, 27.5, 15], "size": [3, 13, 12], "inflate": -1.25, "uv": [54, 90]},
						{"origin": [-6.1, 27.5, 14], "size": [5, 13, 3], "inflate": -1.25, "uv": [103, 130]},
						{"origin": [-5.6, 29, 15.5], "size": [4, 10, 10], "inflate": -0.25, "uv": [74, 116]},
						{"origin": [-3.1, 27.5, 15], "size": [3, 13, 12], "inflate": -1.25, "uv": [54, 90]},
						{"origin": [-7.1, 27.5, 15], "size": [3, 13, 12], "inflate": -1.25, "uv": [54, 90]},
						{"origin": [-6.1, 27.5, 14], "size": [5, 13, 3], "inflate": -1.25, "uv": [103, 130]}
					]
				},
				{
					"name": "bone212",
					"parent": "bone211",
					"pivot": [-4.6, 17, 29],
					"cubes": [
						{"origin": [-3.1, 27.5, 15], "size": [3, 13, 3], "inflate": -1.25, "uv": [141, 67]},
						{"origin": [-3.1, 27.5, 15], "size": [3, 13, 3], "inflate": -1.25, "uv": [141, 67]}
					]
				},
				{
					"name": "bone213",
					"parent": "bone212",
					"pivot": [-4.6, 17, 29],
					"rotation": [0, -67.5, 0],
					"cubes": [
						{"origin": [-16.88574, 27.5, 19.86818], "size": [3, 13, 3], "inflate": -1.25, "uv": [89, 137]},
						{"origin": [-16.88574, 27.5, 19.86818], "size": [3, 13, 3], "inflate": -1.25, "uv": [89, 137]}
					]
				},
				{
					"name": "bone214",
					"parent": "bone212",
					"pivot": [-4.6, 17, 29],
					"rotation": [0, -45, 0],
					"cubes": [
						{"origin": [-13.52945, 27.5, 16.24495], "size": [3, 13, 3], "inflate": -1.25, "uv": [89, 137]},
						{"origin": [-13.52945, 27.5, 16.24495], "size": [3, 13, 3], "inflate": -1.25, "uv": [89, 137]}
					]
				},
				{
					"name": "bone215",
					"parent": "bone212",
					"pivot": [-4.6, 17, 29],
					"rotation": [0, -22.5, 0],
					"cubes": [
						{"origin": [-9.0421, 27.5, 14.18192], "size": [3, 13, 3], "inflate": -1.25, "uv": [89, 137]},
						{"origin": [-9.0421, 27.5, 14.18192], "size": [3, 13, 3], "inflate": -1.25, "uv": [89, 137]}
					]
				},
				{
					"name": "bone216",
					"parent": "bone211",
					"pivot": [-9.1, 17, 29],
					"cubes": [
						{"origin": [-7.10683, 27.5, 15.00683], "size": [3, 13, 3], "inflate": -1.25, "uv": [141, 67], "mirror": true},
						{"origin": [-7.10683, 27.5, 15.00683], "size": [3, 13, 3], "inflate": -1.25, "uv": [141, 67], "mirror": true}
					]
				},
				{
					"name": "bone217",
					"parent": "bone216",
					"pivot": [-9.1, 17, 29],
					"rotation": [0, 67.5, 0],
					"cubes": [
						{"origin": [2.66426, 27.5, 25.8697], "size": [3, 13, 3], "inflate": -1.25, "uv": [89, 137], "mirror": true},
						{"origin": [2.66426, 27.5, 25.8697], "size": [3, 13, 3], "inflate": -1.25, "uv": [89, 137], "mirror": true}
					]
				},
				{
					"name": "bone218",
					"parent": "bone216",
					"pivot": [-9.1, 17, 29],
					"rotation": [0, 45, 0],
					"cubes": [
						{"origin": [1.41598, 27.5, 20.84114], "size": [3, 13, 3], "inflate": -1.25, "uv": [89, 137], "mirror": true},
						{"origin": [1.41598, 27.5, 20.84114], "size": [3, 13, 3], "inflate": -1.25, "uv": [89, 137], "mirror": true}
					]
				},
				{
					"name": "bone219",
					"parent": "bone216",
					"pivot": [-9.1, 17, 29],
					"rotation": [0, 22.5, 0],
					"cubes": [
						{"origin": [-1.66161, 27.5, 16.67306], "size": [3, 13, 3], "inflate": -1.25, "uv": [89, 137], "mirror": true},
						{"origin": [-1.66161, 27.5, 16.67306], "size": [3, 13, 3], "inflate": -1.25, "uv": [89, 137], "mirror": true}
					]
				},
				{
					"name": "bone220",
					"parent": "bone192",
					"pivot": [1, 15.75, 25.75],
					"rotation": [-27.5, 0, 90],
					"cubes": [
						{"origin": [-14, 13.6521, 10.45992], "size": [3, 13, 12], "inflate": -1.25, "uv": [85, 90]},
						{"origin": [-17, 13.6521, 10.45992], "size": [3, 13, 12], "inflate": -1.25, "uv": [85, 90]},
						{"origin": [-16, 13.6521, 9.45992], "size": [4, 13, 3], "inflate": -1.25, "uv": [74, 137]},
						{"origin": [-14, 13.6521, 10.45992], "size": [3, 13, 12], "inflate": -1.25, "uv": [85, 90]},
						{"origin": [-17, 13.6521, 10.45992], "size": [3, 13, 12], "inflate": -1.25, "uv": [85, 90]},
						{"origin": [-16, 13.6521, 9.45992], "size": [4, 13, 3], "inflate": -1.25, "uv": [74, 137]},
						{"origin": [-15.5, 15.1521, 10.95992], "size": [3, 10, 10], "inflate": -0.25, "uv": [125, 120]}
					]
				},
				{
					"name": "bone221",
					"parent": "bone220",
					"pivot": [3.5, 15.75, 27.25],
					"cubes": [
						{"origin": [-14, 13.6521, 10.45992], "size": [3, 13, 3], "inflate": -1.25, "uv": [143, 37]},
						{"origin": [-14, 13.6521, 10.45992], "size": [3, 13, 3], "inflate": -1.25, "uv": [143, 37]}
					]
				},
				{
					"name": "bone222",
					"parent": "bone221",
					"pivot": [3.5, 15.75, 27.25],
					"rotation": [0, -67.5, 0],
					"cubes": [
						{"origin": [-18.63442, 13.6521, 34.60417], "size": [3, 13, 3], "inflate": -1.25, "uv": [138, 141]},
						{"origin": [-18.63442, 13.6521, 34.60417], "size": [3, 13, 3], "inflate": -1.25, "uv": [138, 141]}
					]
				},
				{
					"name": "bone223",
					"parent": "bone221",
					"pivot": [3.5, 15.75, 27.25],
					"rotation": [0, -45, 0],
					"cubes": [
						{"origin": [-20.83736, 13.6521, 25.9571], "size": [3, 13, 3], "inflate": -1.25, "uv": [138, 141]},
						{"origin": [-20.83736, 13.6521, 25.9571], "size": [3, 13, 3], "inflate": -1.25, "uv": [138, 141]}
					]
				},
				{
					"name": "bone224",
					"parent": "bone221",
					"pivot": [3.5, 15.75, 27.25],
					"rotation": [0, -22.5, 0],
					"cubes": [
						{"origin": [-19.56352, 13.6521, 17.12521], "size": [3, 13, 3], "inflate": -1.25, "uv": [138, 141]},
						{"origin": [-19.56352, 13.6521, 17.12521], "size": [3, 13, 3], "inflate": -1.25, "uv": [138, 141]}
					]
				},
				{
					"name": "bone225",
					"parent": "bone220",
					"pivot": [-1, 15.75, 27.25],
					"cubes": [
						{"origin": [-17.00683, 13.6521, 10.46676], "size": [3, 13, 3], "inflate": -1.25, "uv": [143, 37], "mirror": true},
						{"origin": [-17.00683, 13.6521, 10.46676], "size": [3, 13, 3], "inflate": -1.25, "uv": [143, 37], "mirror": true}
					]
				},
				{
					"name": "bone226",
					"parent": "bone225",
					"pivot": [-1, 15.75, 27.25],
					"rotation": [0, 67.5, 0],
					"cubes": [
						{"origin": [6.45365, 13.6521, 6.42215], "size": [3, 13, 3], "inflate": -1.25, "uv": [138, 141], "mirror": true},
						{"origin": [6.45365, 13.6521, 6.42215], "size": [3, 13, 3], "inflate": -1.25, "uv": [138, 141], "mirror": true}
					]
				},
				{
					"name": "bone227",
					"parent": "bone225",
					"pivot": [-1, 15.75, 27.25],
					"rotation": [0, 45, 0],
					"cubes": [
						{"origin": [-1.23906, 13.6521, 4.39034], "size": [3, 13, 3], "inflate": -1.25, "uv": [138, 141], "mirror": true},
						{"origin": [-1.23906, 13.6521, 4.39034], "size": [3, 13, 3], "inflate": -1.25, "uv": [138, 141], "mirror": true}
					]
				},
				{
					"name": "bone228",
					"parent": "bone225",
					"pivot": [-1, 15.75, 27.25],
					"rotation": [0, 22.5, 0],
					"cubes": [
						{"origin": [-9.12373, 13.6521, 5.45706], "size": [3, 13, 3], "inflate": -1.25, "uv": [138, 141], "mirror": true},
						{"origin": [-9.12373, 13.6521, 5.45706], "size": [3, 13, 3], "inflate": -1.25, "uv": [138, 141], "mirror": true}
					]
				},
				{
					"name": "bone238",
					"parent": "bone192",
					"pivot": [-12.13268, 18.42388, 28],
					"rotation": [0, 0, 22.5],
					"cubes": [
						{"origin": [-16.48398, 29.354, 15.5], "size": [2, 10, 10], "inflate": -0.25, "uv": [0, 127]},
						{"origin": [-15.98398, 27.854, 15], "size": [3, 13, 12], "inflate": -1.25, "uv": [54, 90]},
						{"origin": [-17.98398, 27.854, 15], "size": [3, 13, 12], "inflate": -1.25, "uv": [54, 90]},
						{"origin": [-16.98398, 27.854, 14], "size": [3, 13, 3], "inflate": -1.25, "uv": [141, 95]},
						{"origin": [-15.98398, 27.854, 15], "size": [3, 13, 12], "inflate": -1.25, "uv": [54, 90]},
						{"origin": [-17.98398, 27.854, 15], "size": [3, 13, 12], "inflate": -1.25, "uv": [54, 90]}
					]
				},
				{
					"name": "bone239",
					"parent": "bone238",
					"pivot": [-10.75, 17.5, 29],
					"cubes": [
						{"origin": [-15.98398, 27.854, 15], "size": [3, 13, 3], "inflate": -1.25, "uv": [141, 67]},
						{"origin": [-15.98398, 27.854, 15], "size": [3, 13, 3], "inflate": -1.25, "uv": [141, 67]}
					]
				},
				{
					"name": "bone240",
					"parent": "bone239",
					"pivot": [-10.75, 17.5, 29],
					"rotation": [0, -67.5, 0],
					"cubes": [
						{"origin": [-25.61273, 27.854, 26.08956], "size": [3, 13, 3], "inflate": -1.25, "uv": [89, 137]},
						{"origin": [-25.61273, 27.854, 26.08956], "size": [3, 13, 3], "inflate": -1.25, "uv": [89, 137]}
					]
				},
				{
					"name": "bone241",
					"parent": "bone239",
					"pivot": [-10.75, 17.5, 29],
					"rotation": [0, -45, 0],
					"cubes": [
						{"origin": [-24.4411, 27.854, 21.00659], "size": [3, 13, 3], "inflate": -1.25, "uv": [89, 137]},
						{"origin": [-24.4411, 27.854, 21.00659], "size": [3, 13, 3], "inflate": -1.25, "uv": [89, 137]}
					]
				},
				{
					"name": "bone242",
					"parent": "bone239",
					"pivot": [-10.75, 17.5, 29],
					"rotation": [0, -22.5, 0],
					"cubes": [
						{"origin": [-21.41348, 27.854, 16.7589], "size": [3, 13, 3], "inflate": -1.25, "uv": [89, 137]},
						{"origin": [-21.41348, 27.854, 16.7589], "size": [3, 13, 3], "inflate": -1.25, "uv": [89, 137]}
					]
				},
				{
					"name": "bone243",
					"parent": "bone238",
					"pivot": [-15.25, 17.5, 29],
					"cubes": [
						{"origin": [-17.99081, 27.854, 15.00683], "size": [3, 13, 3], "inflate": -1.25, "uv": [141, 67], "mirror": true},
						{"origin": [-17.99081, 27.854, 15.00683], "size": [3, 13, 3], "inflate": -1.25, "uv": [141, 67], "mirror": true}
					]
				},
				{
					"name": "bone244",
					"parent": "bone243",
					"pivot": [-15.25, 17.5, 29],
					"rotation": [0, 67.5, 0],
					"cubes": [
						{"origin": [-5.29736, 27.854, 21.49607], "size": [3, 13, 3], "inflate": -1.25, "uv": [89, 137], "mirror": true},
						{"origin": [-5.29736, 27.854, 21.49607], "size": [3, 13, 3], "inflate": -1.25, "uv": [89, 137], "mirror": true}
					]
				},
				{
					"name": "bone245",
					"parent": "bone243",
					"pivot": [-15.25, 17.5, 29],
					"rotation": [0, 45, 0],
					"cubes": [
						{"origin": [-8.08145, 27.854, 17.49371], "size": [3, 13, 3], "inflate": -1.25, "uv": [89, 137], "mirror": true},
						{"origin": [-8.08145, 27.854, 17.49371], "size": [3, 13, 3], "inflate": -1.25, "uv": [89, 137], "mirror": true}
					]
				},
				{
					"name": "bone246",
					"parent": "bone243",
					"pivot": [-15.25, 17.5, 29],
					"rotation": [0, 22.5, 0],
					"cubes": [
						{"origin": [-12.18524, 27.854, 14.86144], "size": [3, 13, 3], "inflate": -1.25, "uv": [89, 137], "mirror": true},
						{"origin": [-12.18524, 27.854, 14.86144], "size": [3, 13, 3], "inflate": -1.25, "uv": [89, 137], "mirror": true}
					]
				},
				{
					"name": "bone46",
					"parent": "bone192",
					"pivot": [1.36732, 17.92388, 25],
					"rotation": [45, 0, 90],
					"cubes": [
						{"origin": [-15.63268, 24.23759, 20.5], "size": [2, 10, 10], "inflate": -0.25, "uv": [0, 127]},
						{"origin": [-15.13268, 22.73759, 20], "size": [3, 13, 12], "inflate": -1.25, "uv": [54, 90]},
						{"origin": [-17.13269, 22.73759, 20], "size": [3, 13, 12], "inflate": -1.25, "uv": [54, 90]},
						{"origin": [-16.13268, 22.73759, 19], "size": [3, 13, 3], "inflate": -1.25, "uv": [141, 95]},
						{"origin": [-15.13268, 22.73759, 20], "size": [3, 13, 12], "inflate": -1.25, "uv": [54, 90]},
						{"origin": [-17.13269, 22.73759, 20], "size": [3, 13, 12], "inflate": -1.25, "uv": [54, 90]}
					]
				},
				{
					"name": "bone47",
					"parent": "bone46",
					"pivot": [7.3694, 18.91342, 26],
					"cubes": [
						{"origin": [-15.13268, 22.73759, 20], "size": [3, 13, 3], "inflate": -1.25, "uv": [141, 67]},
						{"origin": [-15.13268, 22.73759, 20], "size": [3, 13, 3], "inflate": -1.25, "uv": [141, 67]}
					]
				},
				{
					"name": "bone48",
					"parent": "bone47",
					"pivot": [7.3694, 18.91342, 26],
					"rotation": [0, -67.5, 0],
					"cubes": [
						{"origin": [-6.71051, 22.73759, 42.10468], "size": [3, 13, 3], "inflate": -1.25, "uv": [89, 137]},
						{"origin": [-6.71051, 22.73759, 42.10468], "size": [3, 13, 3], "inflate": -1.25, "uv": [89, 137]}
					]
				},
				{
					"name": "bone49",
					"parent": "bone47",
					"pivot": [7.3694, 18.91342, 26],
					"rotation": [0, -45, 0],
					"cubes": [
						{"origin": [-12.87524, 22.73759, 35.87384], "size": [3, 13, 3], "inflate": -1.25, "uv": [89, 137]},
						{"origin": [-12.87524, 22.73759, 35.87384], "size": [3, 13, 3], "inflate": -1.25, "uv": [89, 137]}
					]
				},
				{
					"name": "bone50",
					"parent": "bone47",
					"pivot": [7.3694, 18.91342, 26],
					"rotation": [0, -22.5, 0],
					"cubes": [
						{"origin": [-16.18626, 22.73759, 27.75815], "size": [3, 13, 3], "inflate": -1.25, "uv": [89, 137]},
						{"origin": [-16.18626, 22.73759, 27.75815], "size": [3, 13, 3], "inflate": -1.25, "uv": [89, 137]}
					]
				},
				{
					"name": "bone51",
					"parent": "bone46",
					"pivot": [2.8694, 18.91342, 26],
					"cubes": [
						{"origin": [-17.13952, 22.73759, 20.00683], "size": [3, 13, 3], "inflate": -1.25, "uv": [141, 67], "mirror": true},
						{"origin": [-17.13952, 22.73759, 20.00683], "size": [3, 13, 3], "inflate": -1.25, "uv": [141, 67], "mirror": true}
					]
				},
				{
					"name": "bone52",
					"parent": "bone51",
					"pivot": [2.8694, 18.91342, 26],
					"rotation": [0, 67.5, 0],
					"cubes": [
						{"origin": [-1.17721, 22.73759, 5.60389], "size": [3, 13, 3], "inflate": -1.25, "uv": [89, 137], "mirror": true},
						{"origin": [-1.17721, 22.73759, 5.60389], "size": [3, 13, 3], "inflate": -1.25, "uv": [89, 137], "mirror": true}
					]
				},
				{
					"name": "bone53",
					"parent": "bone51",
					"pivot": [2.8694, 18.91342, 26],
					"rotation": [0, 45, 0],
					"cubes": [
						{"origin": [-7.82929, 22.73759, 7.94018], "size": [3, 13, 3], "inflate": -1.25, "uv": [89, 137], "mirror": true},
						{"origin": [-7.82929, 22.73759, 7.94018], "size": [3, 13, 3], "inflate": -1.25, "uv": [89, 137], "mirror": true}
					]
				},
				{
					"name": "bone54",
					"parent": "bone51",
					"pivot": [2.8694, 18.91342, 26],
					"rotation": [0, 22.5, 0],
					"cubes": [
						{"origin": [-13.08096, 22.73759, 12.64426], "size": [3, 13, 3], "inflate": -1.25, "uv": [89, 137], "mirror": true},
						{"origin": [-13.08096, 22.73759, 12.64426], "size": [3, 13, 3], "inflate": -1.25, "uv": [89, 137], "mirror": true}
					]
				},
				{
					"name": "bone247",
					"parent": "bone192",
					"pivot": [-3.5, 17, 27.5],
					"cubes": [
						{"origin": [0.5, 27.5, 15], "size": [3, 13, 12], "inflate": -1.25, "uv": [54, 90]},
						{"origin": [-2.5, 27.5, 15], "size": [3, 13, 12], "inflate": -1.25, "uv": [54, 90]},
						{"origin": [-1.5, 27.5, 14], "size": [4, 13, 3], "inflate": -1.25, "uv": [59, 134]},
						{"origin": [-1, 29, 15.5], "size": [3, 10, 10], "inflate": -0.25, "uv": [124, 74]},
						{"origin": [0.5, 27.5, 15], "size": [3, 13, 12], "inflate": -1.25, "uv": [54, 90]},
						{"origin": [-2.5, 27.5, 15], "size": [3, 13, 12], "inflate": -1.25, "uv": [54, 90]},
						{"origin": [-1.5, 27.5, 14], "size": [4, 13, 3], "inflate": -1.25, "uv": [59, 134]}
					]
				},
				{
					"name": "bone248",
					"parent": "bone247",
					"pivot": [-1, 17, 29],
					"cubes": [
						{"origin": [0.5, 27.5, 15], "size": [3, 13, 3], "inflate": -1.25, "uv": [141, 67]},
						{"origin": [0.5, 27.5, 15], "size": [3, 13, 3], "inflate": -1.25, "uv": [141, 67]}
					]
				},
				{
					"name": "bone249",
					"parent": "bone248",
					"pivot": [-1, 17, 29],
					"rotation": [0, -67.5, 0],
					"cubes": [
						{"origin": [-13.28574, 27.5, 19.86818], "size": [3, 13, 3], "inflate": -1.25, "uv": [89, 137]},
						{"origin": [-13.28574, 27.5, 19.86818], "size": [3, 13, 3], "inflate": -1.25, "uv": [89, 137]}
					]
				},
				{
					"name": "bone250",
					"parent": "bone248",
					"pivot": [-1, 17, 29],
					"rotation": [0, -45, 0],
					"cubes": [
						{"origin": [-9.92945, 27.5, 16.24495], "size": [3, 13, 3], "inflate": -1.25, "uv": [89, 137]},
						{"origin": [-9.92945, 27.5, 16.24495], "size": [3, 13, 3], "inflate": -1.25, "uv": [89, 137]}
					]
				},
				{
					"name": "bone251",
					"parent": "bone248",
					"pivot": [-1, 17, 29],
					"rotation": [0, -22.5, 0],
					"cubes": [
						{"origin": [-5.4421, 27.5, 14.18192], "size": [3, 13, 3], "inflate": -1.25, "uv": [89, 137]},
						{"origin": [-5.4421, 27.5, 14.18192], "size": [3, 13, 3], "inflate": -1.25, "uv": [89, 137]}
					]
				},
				{
					"name": "bone252",
					"parent": "bone247",
					"pivot": [-5.5, 17, 29],
					"cubes": [
						{"origin": [-2.50683, 27.5, 15.00683], "size": [3, 13, 3], "inflate": -1.25, "uv": [141, 67], "mirror": true},
						{"origin": [-2.50683, 27.5, 15.00683], "size": [3, 13, 3], "inflate": -1.25, "uv": [141, 67], "mirror": true}
					]
				},
				{
					"name": "bone253",
					"parent": "bone252",
					"pivot": [-5.5, 17, 29],
					"rotation": [0, 67.5, 0],
					"cubes": [
						{"origin": [6.64694, 27.5, 26.79357], "size": [3, 13, 3], "inflate": -1.25, "uv": [89, 137], "mirror": true},
						{"origin": [6.64694, 27.5, 26.79357], "size": [3, 13, 3], "inflate": -1.25, "uv": [89, 137], "mirror": true}
					]
				},
				{
					"name": "bone254",
					"parent": "bone252",
					"pivot": [-5.5, 17, 29],
					"rotation": [0, 45, 0],
					"cubes": [
						{"origin": [5.72309, 27.5, 21.54825], "size": [3, 13, 3], "inflate": -1.25, "uv": [89, 137], "mirror": true},
						{"origin": [5.72309, 27.5, 21.54825], "size": [3, 13, 3], "inflate": -1.25, "uv": [89, 137], "mirror": true}
					]
				},
				{
					"name": "bone255",
					"parent": "bone252",
					"pivot": [-5.5, 17, 29],
					"rotation": [0, 22.5, 0],
					"cubes": [
						{"origin": [2.86227, 27.5, 17.05574], "size": [3, 13, 3], "inflate": -1.25, "uv": [89, 137], "mirror": true},
						{"origin": [2.86227, 27.5, 17.05574], "size": [3, 13, 3], "inflate": -1.25, "uv": [89, 137], "mirror": true}
					]
				},
				{
					"name": "bone55",
					"parent": "bone",
					"pivot": [-35.25, -13.5, 26],
					"rotation": [50, 0, 90],
					"cubes": [
						{"origin": [-52.75, -7.22934, 22.98605], "size": [4, 10, 10], "inflate": -0.25, "uv": [74, 116]},
						{"origin": [-50.25, -8.72934, 22.48605], "size": [3, 13, 12], "inflate": -1.25, "uv": [54, 90]},
						{"origin": [-54.25, -8.72934, 22.48605], "size": [3, 13, 12], "inflate": -1.25, "uv": [54, 90]},
						{"origin": [-53.25, -8.72934, 21.48605], "size": [5, 13, 3], "inflate": -1.25, "uv": [103, 130]}
					]
				},
				{
					"name": "bone56",
					"parent": "bone55",
					"pivot": [-32.75, -13.5, 27.5],
					"cubes": [
						{"origin": [-50.25, -8.72934, 22.48605], "size": [3, 13, 3], "inflate": -1.25, "uv": [141, 67]}
					]
				},
				{
					"name": "bone57",
					"parent": "bone56",
					"pivot": [-32.75, -13.5, 27.5],
					"rotation": [0, -67.5, 0],
					"cubes": [
						{"origin": [-44.0047, -8.72934, 39.3607], "size": [3, 13, 3], "inflate": -1.25, "uv": [89, 137]}
					]
				},
				{
					"name": "bone58",
					"parent": "bone56",
					"pivot": [-32.75, -13.5, 27.5],
					"rotation": [0, -45, 0],
					"cubes": [
						{"origin": [-48.76038, -8.72934, 34.53408], "size": [3, 13, 3], "inflate": -1.25, "uv": [89, 137]}
					]
				},
				{
					"name": "bone59",
					"parent": "bone56",
					"pivot": [-32.75, -13.5, 27.5],
					"rotation": [0, -22.5, 0],
					"cubes": [
						{"origin": [-51.30699, -8.72934, 28.25494], "size": [3, 13, 3], "inflate": -1.25, "uv": [89, 137]}
					]
				},
				{
					"name": "bone60",
					"parent": "bone55",
					"pivot": [-37.25, -13.5, 27.5],
					"cubes": [
						{"origin": [-54.25683, -8.72934, 22.49289], "size": [3, 13, 3], "inflate": -1.25, "uv": [141, 67], "mirror": true}
					]
				},
				{
					"name": "bone61",
					"parent": "bone60",
					"pivot": [-37.25, -13.5, 27.5],
					"rotation": [0, 67.5, 0],
					"cubes": [
						{"origin": [-41.05876, -8.72934, 10.2548], "size": [3, 13, 3], "inflate": -1.25, "uv": [89, 137], "mirror": true}
					]
				},
				{
					"name": "bone62",
					"parent": "bone60",
					"pivot": [-37.25, -13.5, 27.5],
					"rotation": [0, 45, 0],
					"cubes": [
						{"origin": [-46.52315, -8.72934, 12.26022], "size": [3, 13, 3], "inflate": -1.25, "uv": [89, 137], "mirror": true}
					]
				},
				{
					"name": "bone63",
					"parent": "bone60",
					"pivot": [-37.25, -13.5, 27.5],
					"rotation": [0, 22.5, 0],
					"cubes": [
						{"origin": [-50.80414, -8.72934, 16.20411], "size": [3, 13, 3], "inflate": -1.25, "uv": [89, 137], "mirror": true}
					]
				},
				{
					"name": "bone64",
					"parent": "bone",
					"pivot": [-34.25, -12, 26],
					"rotation": [-30, 0, -90],
					"cubes": [
						{"origin": [-17.75, -27.9282, 19.0718], "size": [2, 10, 10], "inflate": -0.25, "uv": [0, 127]},
						{"origin": [-17.25, -29.4282, 18.5718], "size": [3, 13, 12], "inflate": -1.25, "uv": [54, 90]},
						{"origin": [-19.25, -29.4282, 18.5718], "size": [3, 13, 12], "inflate": -1.25, "uv": [54, 90]},
						{"origin": [-18.25, -29.4282, 17.5718], "size": [3, 13, 3], "inflate": -1.25, "uv": [141, 95]}
					]
				},
				{
					"name": "bone65",
					"parent": "bone64",
					"pivot": [-31.75, -12, 27.5],
					"cubes": [
						{"origin": [-17.25, -29.4282, 18.5718], "size": [3, 13, 3], "inflate": -1.25, "uv": [141, 67]}
					]
				},
				{
					"name": "bone66",
					"parent": "bone65",
					"pivot": [-31.75, -12, 27.5],
					"rotation": [0, -67.5, 0],
					"cubes": [
						{"origin": [-34.37513, -29.4282, 8.29864], "size": [3, 13, 3], "inflate": -1.25, "uv": [89, 137]}
					]
				},
				{
					"name": "bone67",
					"parent": "bone65",
					"pivot": [-31.75, -12, 27.5],
					"rotation": [0, -45, 0],
					"cubes": [
						{"origin": [-27.90076, -29.4282, 9.13886], "size": [3, 13, 3], "inflate": -1.25, "uv": [89, 137]}
					]
				},
				{
					"name": "bone68",
					"parent": "bone65",
					"pivot": [-31.75, -12, 27.5],
					"rotation": [0, -22.5, 0],
					"cubes": [
						{"origin": [-22.24077, -29.4282, 12.39276], "size": [3, 13, 3], "inflate": -1.25, "uv": [89, 137]}
					]
				},
				{
					"name": "bone69",
					"parent": "bone64",
					"pivot": [-36.25, -12, 27.5],
					"cubes": [
						{"origin": [-19.25683, -29.4282, 18.57863], "size": [3, 13, 3], "inflate": -1.25, "uv": [141, 67], "mirror": true}
					]
				},
				{
					"name": "bone70",
					"parent": "bone69",
					"pivot": [-36.25, -12, 27.5],
					"rotation": [0, 67.5, 0],
					"cubes": [
						{"origin": [-23.43122, -29.4282, 40.16878], "size": [3, 13, 3], "inflate": -1.25, "uv": [89, 137], "mirror": true}
					]
				},
				{
					"name": "bone71",
					"parent": "bone69",
					"pivot": [-36.25, -12, 27.5],
					"rotation": [0, 45, 0],
					"cubes": [
						{"origin": [-18.71372, -29.4282, 33.53405], "size": [3, 13, 3], "inflate": -1.25, "uv": [89, 137], "mirror": true}
					]
				},
				{
					"name": "bone72",
					"parent": "bone69",
					"pivot": [-36.25, -12, 27.5],
					"rotation": [0, 22.5, 0],
					"cubes": [
						{"origin": [-16.89431, -29.4282, 25.59904], "size": [3, 13, 3], "inflate": -1.25, "uv": [89, 137], "mirror": true}
					]
				},
				{
					"name": "bone36",
					"parent": "main",
					"pivot": [-12.5, 0, 3.75],
					"cubes": [
						{"origin": [-6.5, 2, -6.5], "size": [13, 3, 13], "uv": [54, 73]},
						{"origin": [-7.5, 0, -7.5], "size": [2, 2, 15], "uv": [104, 84]},
						{"origin": [-5.5, 0, -7.5], "size": [11, 2, 2], "uv": [98, 51]},
						{"origin": [-5.5, 0, 5.5], "size": [11, 2, 2], "uv": [98, 46]},
						{"origin": [5.5, 0, -7.5], "size": [2, 2, 15], "uv": [39, 116]}
					]
				},
				{
					"name": "bone229",
					"parent": "bone36",
					"pivot": [-7.09858, -13.86036, 7.175],
					"rotation": [0, 0, 22.5],
					"cubes": [
						{"origin": [-3.59702, 5.95839, -6.5], "size": [3, 11, 13], "uv": [78, 45]}
					]
				},
				{
					"name": "book",
					"parent": "main",
					"pivot": [-13.25, 13.25, 2],
					"rotation": [12.22638, -0.11234, 48.19181]
				},
				{
					"name": "bone230",
					"parent": "book",
					"pivot": [-13.88268, 13.17388, 4],
					"rotation": [0, 0, 90],
					"cubes": [
						{"origin": [-14.88268, 8.17388, -0.5], "size": [2, 10, 10], "inflate": -0.25, "uv": [188, 27]},
						{"origin": [-15.38268, 6.67388, -2], "size": [3, 13, 3], "inflate": -1.25, "uv": [201, 65]},
						{"origin": [-14.38268, 6.67388, -1], "size": [3, 13, 12], "inflate": -1.25, "uv": [221, 0]}
					]
				},
				{
					"name": "bone231",
					"parent": "bone230",
					"pivot": [-39.8806, 24.77002, 15.6066]
				},
				{
					"name": "bone232",
					"parent": "bone231",
					"pivot": [-39.8806, 24.77002, 15.6066],
					"rotation": [0, -67.5, 0],
					"cubes": [
						{"origin": [-45.39092, 6.67388, -16.69391], "size": [3, 13, 3], "inflate": -1.25, "uv": [231, 48]}
					]
				},
				{
					"name": "bone233",
					"parent": "bone231",
					"pivot": [-39.8806, 24.77002, 15.6066],
					"rotation": [0, -22.5, 0],
					"cubes": [
						{"origin": [-23.14902, 6.67388, -10.80327], "size": [3, 13, 3], "inflate": -1.25, "uv": [214, 65]}
					]
				},
				{
					"name": "bone234",
					"parent": "book",
					"pivot": [-13.88268, 13.17388, 4],
					"rotation": [0, 0, 90]
				},
				{
					"name": "bone235",
					"parent": "bone234",
					"pivot": [-14.63268, 13.17388, -0.25],
					"rotation": [0, -3.75, 0],
					"cubes": [
						{"origin": [-15.13268, 7.92388, -1.25], "size": [1, 10.5, 6.5], "inflate": -0.49, "uv": [203, 48]}
					]
				},
				{
					"name": "bone236",
					"parent": "bone235",
					"pivot": [-14.63268, 13.17388, 4.75],
					"rotation": [0, 5, 0],
					"cubes": [
						{"origin": [-15.13268, 7.92388, 4.25], "size": [1, 10.5, 5.5], "inflate": -0.49, "uv": [188, 82]}
					]
				},
				{
					"name": "bone257",
					"parent": "bone234",
					"pivot": [-14.58268, 13.17388, 0],
					"rotation": [-180, -22.5, 180],
					"cubes": [
						{"origin": [-15.38216, 8.17388, 0.0001], "size": [1, 10, 10], "inflate": -0.25, "uv": [213, 27]}
					]
				},
				{
					"name": "bone258",
					"parent": "bone234",
					"pivot": [-14.88269, 13.17388, 0],
					"rotation": [-180, -22.5, 180],
					"cubes": [
						{"origin": [-17.42127, 6.67388, -1.30605], "size": [3, 13, 13], "inflate": -1.25, "uv": [188, 0]}
					]
				},
				{
					"name": "bone259",
					"parent": "bone234",
					"pivot": [-39.8806, 24.77002, 15.6066]
				},
				{
					"name": "bone260",
					"parent": "bone259",
					"pivot": [-39.8806, 24.77002, 15.6066],
					"rotation": [0, -45, 0],
					"cubes": [
						{"origin": [-33.68411, 6.67388, -15.96069], "size": [3, 13, 3], "inflate": -1.25, "uv": [218, 48]}
					]
				},
				{
					"name": "bone261",
					"parent": "bone259",
					"pivot": [-39.8806, 24.77002, 15.6066],
					"rotation": [0, -22.5, 0],
					"cubes": [
						{"origin": [-23.14902, 6.67388, -10.80327], "size": [3, 13, 3], "inflate": -1.25, "uv": [188, 65]}
					]
				}
			]
		}
	]
}