{
	"format_version": "1.12.0",
	"minecraft:geometry": [
		{
			"description": {
				"identifier": "geometry.model",
				"texture_width": 256,
				"texture_height": 256,
				"visible_bounds_width": 4,
				"visible_bounds_height": 4.5,
				"visible_bounds_offset": [0, 1.75, 0]
			},
			"bones": [
				{
					"name": "main",
					"pivot": [0, 16, -6]
				},
				{
					"name": "group",
					"parent": "main",
					"pivot": [8, 16, -14],
					"cubes": [
						{"origin": [-19, 23, -29], "size": [38, 1, 16], "uv": [0, 0]},
						{"origin": [17, 24, -27], "size": [1, 11, 5], "uv": [0, 0]},
						{"origin": [7, 24, -28], "size": [11, 11, 1], "uv": [100, 119]},
						{"origin": [6, 35, -29], "size": [13, 1, 8], "uv": [92, 6]},
						{"origin": [13, 36, -28], "size": [4, 4, 4], "uv": [112, 88]},
						{"origin": [13.5, 40, -27.5], "size": [3, 6, 3], "uv": [16, 63]},
						{"origin": [-9, 23.5, -28.5], "size": [6, 1, 5], "uv": [136, 52]},
						{"origin": [-13.82326, 23.75, -16.90874], "size": [5, 1, 2], "pivot": [-10.57326, 24.26667, -18.32541], "rotation": [0, 22.5, 0], "uv": [0, 25]},
						{"origin": [-13.07326, 24.25, -21.15874], "size": [2, 1, 3], "pivot": [-10.57326, 24.26667, -18.32541], "rotation": [0, 22.5, 0], "uv": [31, 63]},
						{"origin": [-14.32326, 23.3, -24.40874], "size": [8, 1, 10], "pivot": [-10.57326, 24.26667, -18.32541], "rotation": [0, 22.5, 0], "uv": [110, 57]},
						{"origin": [3, 23.5, -25.7], "size": [6, 1, 5], "pivot": [7, 24, -25.5], "rotation": [0, -22.5, 0], "uv": [102, 135]},
						{"origin": [6.93463, 23.5, -17.95224], "size": [5, 1, 6], "pivot": [9.23463, 24, -22.65224], "rotation": [0, 45, 0], "uv": [128, 34]},
						{"origin": [-7, 24.25, -27.5], "size": [2, 1, 1], "uv": [46, 63]},
						{"origin": [5, 24.25, -24.7], "size": [2, 1, 1], "pivot": [7, 24.75, -25.5], "rotation": [0, -22.5, 0], "uv": [52, 63]},
						{"origin": [9.93463, 24.25, -15.95224], "size": [1, 1, 2], "pivot": [9.23463, 24.75, -22.65224], "rotation": [0, 45, 0], "uv": [37, 67]},
						{"origin": [13.59149, 25.25, -24.12381], "size": [1, 8, 12], "pivot": [14.89149, 29.25, -19.82381], "rotation": [0, 45, 0], "uv": [112, 68]},
						{"origin": [0, 25.25, -24.7], "size": [12, 8, 1], "pivot": [7, 25.75, -25.5], "rotation": [0, -22.5, 0], "uv": [60, 120]},
						{"origin": [-12, 25.25, -27.5], "size": [12, 8, 1], "uv": [124, 15]},
						{"origin": [-15, 1.1, -28], "size": [30, 1, 6], "uv": [0, 56]},
						{"origin": [-15, 19, -25], "size": [30, 1, 1], "uv": [46, 65]},
						{"origin": [14, 17, -28], "size": [1, 1, 13], "uv": [109, 17]},
						{"origin": [-15, 17, -28], "size": [1, 1, 13], "uv": [16, 63]},
						{"origin": [-16, 0, -28], "size": [1, 23, 14], "uv": [30, 63]},
						{"origin": [-22, 0, -28], "size": [6, 13, 11], "uv": [105, 33]},
						{"origin": [15, 0, -28], "size": [1, 23, 14], "uv": [0, 63]},
						{"origin": [-16, 0, -29], "size": [32, 23, 1], "uv": [0, 32]}
					]
				},
				{
					"name": "group8",
					"parent": "main",
					"pivot": [0.24584, 20.97355, -8.19844],
					"cubes": [
						{"origin": [-8.99444, 19.89586, -14.64307], "size": [18, 1, 5], "pivot": [0.24584, 20.97355, -12.19844], "rotation": [-22.5, 0, 0], "uv": [92, 0]},
						{"origin": [-6.99444, 17.89586, -14.14307], "size": [13, 2, 1], "pivot": [0.24584, 20.97355, -12.19844], "rotation": [-22.5, 0, 0], "uv": [126, 6]},
						{"origin": [8.00556, 20.49586, -14.74307], "size": [1, 1, 1], "inflate": -0.2, "pivot": [0.24584, 20.97355, -12.19844], "rotation": [-22.5, 0, 0], "uv": [0, 2]},
						{"origin": [6.70556, 20.49586, -14.74307], "size": [1, 1, 1], "inflate": -0.2, "pivot": [0.24584, 20.97355, -12.19844], "rotation": [-22.5, 0, 0], "uv": [0, 2]},
						{"origin": [5.90556, 20.49586, -14.74307], "size": [1, 1, 1], "inflate": -0.2, "pivot": [0.24584, 20.97355, -12.19844], "rotation": [-22.5, 0, 0], "uv": [0, 2]},
						{"origin": [5.10556, 20.49586, -14.74307], "size": [1, 1, 1], "inflate": -0.2, "pivot": [0.24584, 20.97355, -12.19844], "rotation": [-22.5, 0, 0], "uv": [0, 2]},
						{"origin": [4.30556, 20.49586, -14.74307], "size": [1, 1, 1], "inflate": -0.2, "pivot": [0.24584, 20.97355, -12.19844], "rotation": [-22.5, 0, 0], "uv": [0, 2]},
						{"origin": [3.20556, 20.49586, -14.74307], "size": [1, 1, 1], "inflate": -0.2, "pivot": [0.24584, 20.97355, -12.19844], "rotation": [-22.5, 0, 0], "uv": [0, 2]},
						{"origin": [2.40556, 20.49586, -14.74307], "size": [1, 1, 1], "inflate": -0.2, "pivot": [0.24584, 20.97355, -12.19844], "rotation": [-22.5, 0, 0], "uv": [0, 2]},
						{"origin": [1.60556, 20.49586, -14.74307], "size": [1, 1, 1], "inflate": -0.2, "pivot": [0.24584, 20.97355, -12.19844], "rotation": [-22.5, 0, 0], "uv": [0, 2]},
						{"origin": [0.80556, 20.49586, -14.74307], "size": [1, 1, 1], "inflate": -0.2, "pivot": [0.24584, 20.97355, -12.19844], "rotation": [-22.5, 0, 0], "uv": [0, 2]},
						{"origin": [-0.29444, 20.49586, -14.74307], "size": [1, 1, 1], "inflate": -0.2, "pivot": [0.24584, 20.97355, -12.19844], "rotation": [-22.5, 0, 0], "uv": [0, 2]},
						{"origin": [-1.09444, 20.49586, -14.74307], "size": [1, 1, 1], "inflate": -0.2, "pivot": [0.24584, 20.97355, -12.19844], "rotation": [-22.5, 0, 0], "uv": [0, 2]},
						{"origin": [-1.89444, 20.49586, -14.74307], "size": [1, 1, 1], "inflate": -0.2, "pivot": [0.24584, 20.97355, -12.19844], "rotation": [-22.5, 0, 0], "uv": [0, 2]},
						{"origin": [-2.69444, 20.49586, -14.74307], "size": [1, 1, 1], "inflate": -0.2, "pivot": [0.24584, 20.97355, -12.19844], "rotation": [-22.5, 0, 0], "uv": [0, 2]},
						{"origin": [-3.89444, 20.49586, -14.74307], "size": [1, 1, 1], "inflate": -0.2, "pivot": [0.24584, 20.97355, -12.19844], "rotation": [-22.5, 0, 0], "uv": [0, 2]},
						{"origin": [-4.69444, 20.49586, -14.74307], "size": [1, 1, 1], "inflate": -0.2, "pivot": [0.24584, 20.97355, -12.19844], "rotation": [-22.5, 0, 0], "uv": [0, 2]},
						{"origin": [-5.49444, 20.49586, -14.74307], "size": [1, 1, 1], "inflate": -0.2, "pivot": [0.24584, 20.97355, -12.19844], "rotation": [-22.5, 0, 0], "uv": [0, 2]},
						{"origin": [8.00556, 20.49586, -13.89307], "size": [1, 1, 1], "inflate": -0.2, "pivot": [0.24584, 20.97355, -12.19844], "rotation": [-22.5, 0, 0], "uv": [0, 2]},
						{"origin": [7.20556, 20.49586, -13.89307], "size": [1, 1, 1], "inflate": -0.2, "pivot": [0.24584, 20.97355, -12.19844], "rotation": [-22.5, 0, 0], "uv": [0, 2]},
						{"origin": [6.40556, 20.49586, -13.89307], "size": [1, 1, 1], "inflate": -0.2, "pivot": [0.24584, 20.97355, -12.19844], "rotation": [-22.5, 0, 0], "uv": [0, 2]},
						{"origin": [5.60556, 20.49586, -13.89307], "size": [1, 1, 1], "inflate": -0.2, "pivot": [0.24584, 20.97355, -12.19844], "rotation": [-22.5, 0, 0], "uv": [0, 2]},
						{"origin": [4.80556, 20.49586, -13.89307], "size": [1, 1, 1], "inflate": -0.2, "pivot": [0.24584, 20.97355, -12.19844], "rotation": [-22.5, 0, 0], "uv": [0, 2]},
						{"origin": [4.00556, 20.49586, -13.89307], "size": [1, 1, 1], "inflate": -0.2, "pivot": [0.24584, 20.97355, -12.19844], "rotation": [-22.5, 0, 0], "uv": [0, 2]},
						{"origin": [3.20556, 20.49586, -13.89307], "size": [1, 1, 1], "inflate": -0.2, "pivot": [0.24584, 20.97355, -12.19844], "rotation": [-22.5, 0, 0], "uv": [0, 2]},
						{"origin": [2.40556, 20.49586, -13.89307], "size": [1, 1, 1], "inflate": -0.2, "pivot": [0.24584, 20.97355, -12.19844], "rotation": [-22.5, 0, 0], "uv": [0, 2]},
						{"origin": [0.80556, 20.49586, -13.89307], "size": [1, 1, 1], "inflate": -0.2, "pivot": [0.24584, 20.97355, -12.19844], "rotation": [-22.5, 0, 0], "uv": [0, 2]},
						{"origin": [1.60556, 20.49586, -13.89307], "size": [1, 1, 1], "inflate": -0.2, "pivot": [0.24584, 20.97355, -12.19844], "rotation": [-22.5, 0, 0], "uv": [0, 2]},
						{"origin": [0.00556, 20.49586, -13.89307], "size": [1, 1, 1], "inflate": -0.2, "pivot": [0.24584, 20.97355, -12.19844], "rotation": [-22.5, 0, 0], "uv": [0, 2]},
						{"origin": [-0.79444, 20.49586, -13.89307], "size": [1, 1, 1], "inflate": -0.2, "pivot": [0.24584, 20.97355, -12.19844], "rotation": [-22.5, 0, 0], "uv": [0, 2]},
						{"origin": [-1.59444, 20.49586, -13.89307], "size": [1, 1, 1], "inflate": -0.2, "pivot": [0.24584, 20.97355, -12.19844], "rotation": [-22.5, 0, 0], "uv": [0, 2]},
						{"origin": [-2.39444, 20.49586, -13.89307], "size": [1, 1, 1], "inflate": -0.2, "pivot": [0.24584, 20.97355, -12.19844], "rotation": [-22.5, 0, 0], "uv": [0, 2]},
						{"origin": [-2.69444, 20.49586, -13.89307], "size": [1, 1, 1], "inflate": -0.2, "pivot": [0.24584, 20.97355, -12.19844], "rotation": [-22.5, 0, 0], "uv": [0, 2]},
						{"origin": [-5.49444, 20.49586, -13.64307], "size": [1, 1, 1], "inflate": -0.2, "pivot": [0.24584, 20.97355, -12.19844], "rotation": [-22.5, 0, 0], "uv": [0, 2]},
						{"origin": [-4.69444, 20.49586, -13.64307], "size": [1, 1, 1], "inflate": -0.2, "pivot": [0.24584, 20.97355, -12.19844], "rotation": [-22.5, 0, 0], "uv": [0, 2]},
						{"origin": [-3.89444, 20.49586, -13.64307], "size": [1, 1, 1], "inflate": -0.2, "pivot": [0.24584, 20.97355, -12.19844], "rotation": [-22.5, 0, 0], "uv": [0, 2]},
						{"origin": [-5.49444, 20.49586, -12.84307], "size": [1, 1, 1], "inflate": -0.2, "pivot": [0.24584, 20.97355, -12.19844], "rotation": [-22.5, 0, 0], "uv": [0, 2]},
						{"origin": [-4.69444, 20.49586, -12.84307], "size": [1, 1, 1], "inflate": -0.2, "pivot": [0.24584, 20.97355, -12.19844], "rotation": [-22.5, 0, 0], "uv": [0, 2]},
						{"origin": [-3.89444, 20.49586, -12.84307], "size": [1, 1, 1], "inflate": -0.2, "pivot": [0.24584, 20.97355, -12.19844], "rotation": [-22.5, 0, 0], "uv": [0, 2]},
						{"origin": [-5.49444, 20.49586, -10.64307], "size": [1, 1, 1], "inflate": -0.2, "pivot": [0.24584, 20.97355, -12.19844], "rotation": [-22.5, 0, 0], "uv": [0, 2]},
						{"origin": [-4.69444, 20.49586, -10.64307], "size": [1, 1, 1], "inflate": -0.2, "pivot": [0.24584, 20.97355, -12.19844], "rotation": [-22.5, 0, 0], "uv": [0, 2]},
						{"origin": [-3.89444, 20.49586, -10.64307], "size": [1, 1, 1], "inflate": -0.2, "pivot": [0.24584, 20.97355, -12.19844], "rotation": [-22.5, 0, 0], "uv": [0, 2]},
						{"origin": [-4.69444, 20.49586, -11.44307], "size": [1, 1, 1], "inflate": -0.2, "pivot": [0.24584, 20.97355, -12.19844], "rotation": [-22.5, 0, 0], "uv": [0, 2]},
						{"origin": [-8.19444, 20.49586, -13.04307], "size": [1, 1, 1], "inflate": -0.2, "pivot": [0.24584, 20.97355, -12.19844], "rotation": [-22.5, 0, 0], "uv": [0, 2]},
						{"origin": [-7.39444, 20.49586, -13.04307], "size": [1, 1, 1], "inflate": -0.2, "pivot": [0.24584, 20.97355, -12.19844], "rotation": [-22.5, 0, 0], "uv": [0, 2]},
						{"origin": [-6.59444, 20.49586, -13.04307], "size": [1, 1, 1], "inflate": -0.2, "pivot": [0.24584, 20.97355, -12.19844], "rotation": [-22.5, 0, 0], "uv": [0, 2]},
						{"origin": [-8.99444, 20.49586, -13.04307], "size": [1, 1, 1], "inflate": -0.2, "pivot": [0.24584, 20.97355, -12.19844], "rotation": [-22.5, 0, 0], "uv": [12, 5]},
						{"origin": [-8.19444, 20.49586, -12.24307], "size": [1, 1, 1], "inflate": -0.2, "pivot": [0.24584, 20.97355, -12.19844], "rotation": [-22.5, 0, 0], "uv": [0, 2]},
						{"origin": [-7.39444, 20.49586, -12.24307], "size": [1, 1, 1], "inflate": -0.2, "pivot": [0.24584, 20.97355, -12.19844], "rotation": [-22.5, 0, 0], "uv": [0, 2]},
						{"origin": [-6.59444, 20.49586, -12.24307], "size": [1, 1, 1], "inflate": -0.2, "pivot": [0.24584, 20.97355, -12.19844], "rotation": [-22.5, 0, 0], "uv": [0, 2]},
						{"origin": [-8.99444, 20.49586, -12.24307], "size": [1, 1, 1], "inflate": -0.2, "pivot": [0.24584, 20.97355, -12.19844], "rotation": [-22.5, 0, 0], "uv": [12, 5]},
						{"origin": [-8.19444, 20.49586, -11.44307], "size": [1, 1, 1], "inflate": -0.2, "pivot": [0.24584, 20.97355, -12.19844], "rotation": [-22.5, 0, 0], "uv": [0, 2]},
						{"origin": [-7.39444, 20.49586, -11.44307], "size": [1, 1, 1], "inflate": -0.2, "pivot": [0.24584, 20.97355, -12.19844], "rotation": [-22.5, 0, 0], "uv": [0, 2]},
						{"origin": [-6.59444, 20.49586, -11.44307], "size": [1, 1, 1], "inflate": -0.2, "pivot": [0.24584, 20.97355, -12.19844], "rotation": [-22.5, 0, 0], "uv": [0, 2]},
						{"origin": [-8.99444, 20.49586, -11.44307], "size": [1, 1, 1], "inflate": -0.2, "pivot": [0.24584, 20.97355, -12.19844], "rotation": [-22.5, 0, 0], "uv": [0, 2]},
						{"origin": [-8.19444, 20.49586, -13.84307], "size": [1, 1, 1], "inflate": -0.2, "pivot": [0.24584, 20.97355, -12.19844], "rotation": [-22.5, 0, 0], "uv": [12, 7]},
						{"origin": [-7.39444, 20.49586, -13.84307], "size": [1, 1, 1], "inflate": -0.2, "pivot": [0.24584, 20.97355, -12.19844], "rotation": [-22.5, 0, 0], "uv": [12, 7]},
						{"origin": [-6.59444, 20.49586, -13.84307], "size": [1, 1, 1], "inflate": -0.2, "pivot": [0.24584, 20.97355, -12.19844], "rotation": [-22.5, 0, 0], "uv": [0, 2]},
						{"origin": [-8.99444, 20.49586, -13.84307], "size": [1, 1, 1], "inflate": -0.2, "pivot": [0.24584, 20.97355, -12.19844], "rotation": [-22.5, 0, 0], "uv": [0, 2]},
						{"origin": [-8.19444, 20.49586, -10.64307], "size": [1, 1, 1], "inflate": -0.2, "pivot": [0.24584, 20.97355, -12.19844], "rotation": [-22.5, 0, 0], "uv": [0, 2]},
						{"origin": [-7.39444, 20.49586, -10.64307], "size": [1, 1, 1], "inflate": -0.2, "pivot": [0.24584, 20.97355, -12.19844], "rotation": [-22.5, 0, 0], "uv": [0, 2]},
						{"origin": [-6.59444, 20.49586, -10.64307], "size": [1, 1, 1], "inflate": -0.2, "pivot": [0.24584, 20.97355, -12.19844], "rotation": [-22.5, 0, 0], "uv": [0, 2]},
						{"origin": [-8.99444, 20.49586, -10.64307], "size": [1, 1, 1], "inflate": -0.2, "pivot": [0.24584, 20.97355, -12.19844], "rotation": [-22.5, 0, 0], "uv": [0, 2]},
						{"origin": [-6.99444, 20.49586, -10.64307], "size": [1, 1, 1], "inflate": -0.2, "pivot": [0.24584, 20.97355, -12.19844], "rotation": [-22.5, 0, 0], "uv": [0, 2]},
						{"origin": [-8.99444, 20.49586, -12.64307], "size": [1, 1, 1], "inflate": -0.2, "pivot": [0.24584, 20.97355, -12.19844], "rotation": [-22.5, 0, 0], "uv": [12, 5]},
						{"origin": [-8.99444, 20.49586, -11.14307], "size": [1, 1, 1], "inflate": -0.2, "pivot": [0.24584, 20.97355, -12.19844], "rotation": [-22.5, 0, 0], "uv": [0, 2]},
						{"origin": [7.60556, 20.49586, -13.09307], "size": [1, 1, 1], "inflate": -0.2, "pivot": [0.24584, 20.97355, -12.19844], "rotation": [-22.5, 0, 0], "uv": [0, 2]},
						{"origin": [6.80556, 20.49586, -13.09307], "size": [1, 1, 1], "inflate": -0.2, "pivot": [0.24584, 20.97355, -12.19844], "rotation": [-22.5, 0, 0], "uv": [0, 2]},
						{"origin": [6.00556, 20.49586, -13.09307], "size": [1, 1, 1], "inflate": -0.2, "pivot": [0.24584, 20.97355, -12.19844], "rotation": [-22.5, 0, 0], "uv": [0, 2]},
						{"origin": [5.20556, 20.49586, -13.09307], "size": [1, 1, 1], "inflate": -0.2, "pivot": [0.24584, 20.97355, -12.19844], "rotation": [-22.5, 0, 0], "uv": [0, 2]},
						{"origin": [4.40556, 20.49586, -13.09307], "size": [1, 1, 1], "inflate": -0.2, "pivot": [0.24584, 20.97355, -12.19844], "rotation": [-22.5, 0, 0], "uv": [0, 2]},
						{"origin": [3.60556, 20.49586, -13.09307], "size": [1, 1, 1], "inflate": -0.2, "pivot": [0.24584, 20.97355, -12.19844], "rotation": [-22.5, 0, 0], "uv": [0, 2]},
						{"origin": [2.80556, 20.49586, -13.09307], "size": [1, 1, 1], "inflate": -0.2, "pivot": [0.24584, 20.97355, -12.19844], "rotation": [-22.5, 0, 0], "uv": [0, 2]},
						{"origin": [2.00556, 20.49586, -13.09307], "size": [1, 1, 1], "inflate": -0.2, "pivot": [0.24584, 20.97355, -12.19844], "rotation": [-22.5, 0, 0], "uv": [0, 2]},
						{"origin": [1.20556, 20.49586, -13.09307], "size": [1, 1, 1], "inflate": -0.2, "pivot": [0.24584, 20.97355, -12.19844], "rotation": [-22.5, 0, 0], "uv": [0, 2]},
						{"origin": [0.40556, 20.49586, -13.09307], "size": [1, 1, 1], "inflate": -0.2, "pivot": [0.24584, 20.97355, -12.19844], "rotation": [-22.5, 0, 0], "uv": [0, 2]},
						{"origin": [-0.39444, 20.49586, -13.09307], "size": [1, 1, 1], "inflate": -0.2, "pivot": [0.24584, 20.97355, -12.19844], "rotation": [-22.5, 0, 0], "uv": [0, 2]},
						{"origin": [-1.19444, 20.49586, -13.09307], "size": [1, 1, 1], "inflate": -0.2, "pivot": [0.24584, 20.97355, -12.19844], "rotation": [-22.5, 0, 0], "uv": [0, 2]},
						{"origin": [-1.99444, 20.49586, -13.09307], "size": [1, 1, 1], "inflate": -0.2, "pivot": [0.24584, 20.97355, -12.19844], "rotation": [-22.5, 0, 0], "uv": [0, 2]},
						{"origin": [7.20556, 20.49586, -12.29307], "size": [1, 1, 1], "inflate": -0.2, "pivot": [0.24584, 20.97355, -12.19844], "rotation": [-22.5, 0, 0], "uv": [0, 2]},
						{"origin": [6.40556, 20.49586, -12.29307], "size": [1, 1, 1], "inflate": -0.2, "pivot": [0.24584, 20.97355, -12.19844], "rotation": [-22.5, 0, 0], "uv": [0, 2]},
						{"origin": [5.60556, 20.49586, -12.29307], "size": [1, 1, 1], "inflate": -0.2, "pivot": [0.24584, 20.97355, -12.19844], "rotation": [-22.5, 0, 0], "uv": [0, 2]},
						{"origin": [4.80556, 20.49586, -12.29307], "size": [1, 1, 1], "inflate": -0.2, "pivot": [0.24584, 20.97355, -12.19844], "rotation": [-22.5, 0, 0], "uv": [0, 2]},
						{"origin": [4.00556, 20.49586, -12.29307], "size": [1, 1, 1], "inflate": -0.2, "pivot": [0.24584, 20.97355, -12.19844], "rotation": [-22.5, 0, 0], "uv": [0, 2]},
						{"origin": [3.20556, 20.49586, -12.29307], "size": [1, 1, 1], "inflate": -0.2, "pivot": [0.24584, 20.97355, -12.19844], "rotation": [-22.5, 0, 0], "uv": [0, 2]},
						{"origin": [2.40556, 20.49586, -12.29307], "size": [1, 1, 1], "inflate": -0.2, "pivot": [0.24584, 20.97355, -12.19844], "rotation": [-22.5, 0, 0], "uv": [0, 2]},
						{"origin": [1.60556, 20.49586, -12.29307], "size": [1, 1, 1], "inflate": -0.2, "pivot": [0.24584, 20.97355, -12.19844], "rotation": [-22.5, 0, 0], "uv": [0, 2]},
						{"origin": [0.80556, 20.49586, -12.29307], "size": [1, 1, 1], "inflate": -0.2, "pivot": [0.24584, 20.97355, -12.19844], "rotation": [-22.5, 0, 0], "uv": [0, 2]},
						{"origin": [0.00556, 20.49586, -12.29307], "size": [1, 1, 1], "inflate": -0.2, "pivot": [0.24584, 20.97355, -12.19844], "rotation": [-22.5, 0, 0], "uv": [0, 2]},
						{"origin": [-0.79444, 20.49586, -12.29307], "size": [1, 1, 1], "inflate": -0.2, "pivot": [0.24584, 20.97355, -12.19844], "rotation": [-22.5, 0, 0], "uv": [0, 2]},
						{"origin": [-1.59444, 20.49586, -12.29307], "size": [1, 1, 1], "inflate": -0.2, "pivot": [0.24584, 20.97355, -12.19844], "rotation": [-22.5, 0, 0], "uv": [0, 2]},
						{"origin": [-2.39444, 20.49586, -12.29307], "size": [1, 1, 1], "inflate": -0.2, "pivot": [0.24584, 20.97355, -12.19844], "rotation": [-22.5, 0, 0], "uv": [0, 2]},
						{"origin": [8.00556, 20.49586, -12.29307], "size": [1, 1, 1], "inflate": -0.2, "pivot": [0.24584, 20.97355, -12.19844], "rotation": [-22.5, 0, 0], "uv": [0, 2]},
						{"origin": [8.00556, 20.49586, -13.09307], "size": [1, 1, 1], "inflate": -0.2, "pivot": [0.24584, 20.97355, -12.19844], "rotation": [-22.5, 0, 0], "uv": [0, 2]},
						{"origin": [7.60556, 20.49586, -12.29307], "size": [1, 1, 1], "inflate": -0.2, "pivot": [0.24584, 20.97355, -12.19844], "rotation": [-22.5, 0, 0], "uv": [0, 2]},
						{"origin": [-2.64444, 20.49586, -11.49307], "size": [1, 1, 1], "inflate": -0.2, "pivot": [0.24584, 20.97355, -12.19844], "rotation": [-22.5, 0, 0], "uv": [0, 2]},
						{"origin": [-2.06944, 20.49586, -11.49307], "size": [1, 1, 1], "inflate": -0.2, "pivot": [0.24584, 20.97355, -12.19844], "rotation": [-22.5, 0, 0], "uv": [0, 2]},
						{"origin": [-1.19444, 20.49586, -11.49307], "size": [1, 1, 1], "inflate": -0.2, "pivot": [0.24584, 20.97355, -12.19844], "rotation": [-22.5, 0, 0], "uv": [0, 2]},
						{"origin": [-0.39444, 20.49586, -11.49307], "size": [1, 1, 1], "inflate": -0.2, "pivot": [0.24584, 20.97355, -12.19844], "rotation": [-22.5, 0, 0], "uv": [0, 2]},
						{"origin": [0.40556, 20.49586, -11.49307], "size": [1, 1, 1], "inflate": -0.2, "pivot": [0.24584, 20.97355, -12.19844], "rotation": [-22.5, 0, 0], "uv": [0, 2]},
						{"origin": [3.60556, 20.49586, -11.49307], "size": [1, 1, 1], "inflate": -0.2, "pivot": [0.24584, 20.97355, -12.19844], "rotation": [-22.5, 0, 0], "uv": [0, 2]},
						{"origin": [1.20556, 20.49586, -11.49307], "size": [1, 1, 1], "inflate": -0.2, "pivot": [0.24584, 20.97355, -12.19844], "rotation": [-22.5, 0, 0], "uv": [0, 2]},
						{"origin": [2.00556, 20.49586, -11.49307], "size": [1, 1, 1], "inflate": -0.2, "pivot": [0.24584, 20.97355, -12.19844], "rotation": [-22.5, 0, 0], "uv": [0, 2]},
						{"origin": [2.80556, 20.49586, -11.49307], "size": [1, 1, 1], "inflate": -0.2, "pivot": [0.24584, 20.97355, -12.19844], "rotation": [-22.5, 0, 0], "uv": [0, 2]},
						{"origin": [4.40556, 20.49586, -11.49307], "size": [1, 1, 1], "inflate": -0.2, "pivot": [0.24584, 20.97355, -12.19844], "rotation": [-22.5, 0, 0], "uv": [0, 2]},
						{"origin": [5.20556, 20.49586, -11.49307], "size": [1, 1, 1], "inflate": -0.2, "pivot": [0.24584, 20.97355, -12.19844], "rotation": [-22.5, 0, 0], "uv": [0, 2]},
						{"origin": [6.00556, 20.49586, -11.49307], "size": [1, 1, 1], "inflate": -0.2, "pivot": [0.24584, 20.97355, -12.19844], "rotation": [-22.5, 0, 0], "uv": [0, 2]},
						{"origin": [6.80556, 20.49586, -11.49307], "size": [1, 1, 1], "inflate": -0.2, "pivot": [0.24584, 20.97355, -12.19844], "rotation": [-22.5, 0, 0], "uv": [0, 2]},
						{"origin": [7.60556, 20.49586, -11.49307], "size": [1, 1, 1], "inflate": -0.2, "pivot": [0.24584, 20.97355, -12.19844], "rotation": [-22.5, 0, 0], "uv": [0, 2]},
						{"origin": [-2.61944, 20.49586, -10.64307], "size": [1, 1, 1], "inflate": -0.2, "pivot": [0.24584, 20.97355, -12.19844], "rotation": [-22.5, 0, 0], "uv": [0, 2]},
						{"origin": [-1.81944, 20.49586, -10.64307], "size": [1, 1, 1], "inflate": -0.2, "pivot": [0.24584, 20.97355, -12.19844], "rotation": [-22.5, 0, 0], "uv": [0, 2]},
						{"origin": [-1.04444, 20.49586, -10.64307], "size": [1, 1, 1], "inflate": -0.2, "pivot": [0.24584, 20.97355, -12.19844], "rotation": [-22.5, 0, 0], "uv": [0, 2]},
						{"origin": [-0.24444, 20.49586, -10.64307], "size": [1, 1, 1], "inflate": -0.2, "pivot": [0.24584, 20.97355, -12.19844], "rotation": [-22.5, 0, 0], "uv": [0, 2]},
						{"origin": [0.60556, 20.49586, -10.64307], "size": [6, 1, 1], "inflate": -0.2, "pivot": [0.24584, 20.97355, -12.19844], "rotation": [-22.5, 0, 0], "uv": [0, 28]},
						{"origin": [6.40556, 20.49586, -10.64307], "size": [1, 1, 1], "inflate": -0.2, "pivot": [0.24584, 20.97355, -12.19844], "rotation": [-22.5, 0, 0], "uv": [0, 2]},
						{"origin": [7.20556, 20.49586, -10.64307], "size": [1, 1, 1], "inflate": -0.2, "pivot": [0.24584, 20.97355, -12.19844], "rotation": [-22.5, 0, 0], "uv": [0, 2]},
						{"origin": [8.00556, 20.49586, -10.64307], "size": [1, 1, 1], "inflate": -0.2, "pivot": [0.24584, 20.97355, -12.19844], "rotation": [-22.5, 0, 0], "uv": [0, 2]},
						{"origin": [8.00556, 20.49586, -11.49307], "size": [1, 1, 1], "inflate": -0.2, "pivot": [0.24584, 20.97355, -12.19844], "rotation": [-22.5, 0, 0], "uv": [0, 2]},
						{"origin": [-2.64444, 20.49586, -12.29307], "size": [1, 1, 1], "inflate": -0.2, "pivot": [0.24584, 20.97355, -12.19844], "rotation": [-22.5, 0, 0], "uv": [0, 2]},
						{"origin": [-2.74444, 20.59586, -12.79307], "size": [1, 1, 1], "inflate": -0.3, "pivot": [0.24584, 20.97355, -12.19844], "rotation": [-22.5, 0, 0], "uv": [0, 0]},
						{"origin": [-2.74444, 20.59586, -13.19307], "size": [1, 1, 1], "inflate": -0.3, "pivot": [0.24584, 20.97355, -12.19844], "rotation": [-22.5, 0, 0], "uv": [0, 0]},
						{"origin": [-15, 18, -22.25], "size": [30, 1, 14], "uv": [0, 17]}
					]
				},
				{
					"name": "group3",
					"parent": "main",
					"pivot": [0, 24.72, 21.38718],
					"cubes": [
						{"origin": [-1, 0, 21.0874], "size": [2, 48, 2], "pivot": [0, 24, 22.1874], "rotation": [0, 45, 0], "uv": [104, 67]}
					]
				},
				{
					"name": "bone",
					"parent": "group3",
					"pivot": [-0.28846, 4, 21.43711],
					"rotation": [0, -22.5, 0],
					"cubes": [
						{"origin": [-18.28417, 7, 23.35565], "size": [10, 38, 1], "pivot": [-13.28417, 24, 23.85565], "rotation": [0, -22.5, 0], "uv": [22, 100]},
						{"origin": [-16.68625, 0, 16.13262], "size": [2, 48, 2], "pivot": [-1.28846, 24, 13.43711], "rotation": [0, 45, 0], "uv": [52, 100]},
						{"origin": [-13.17607, 7, 21.36112], "size": [10, 38, 1], "pivot": [-1.28846, 24, 13.43711], "rotation": [0, 22.5, 0], "uv": [0, 100]},
						{"origin": [-18.28417, 44, 22.85565], "size": [10, 2, 2], "inflate": -0.25, "pivot": [-13.28417, 23, 23.85565], "rotation": [0, -22.5, 0], "uv": [133, 0]},
						{"origin": [-19.09491, 0, 20.90418], "size": [2, 48, 2], "pivot": [-18.09491, 24, 22.40418], "rotation": [0, -22.5, 0], "uv": [44, 100]},
						{"origin": [-13.17607, 44, 20.86112], "size": [10, 2, 2], "inflate": -0.25, "pivot": [-1.28846, 23, 13.43711], "rotation": [0, 22.5, 0], "uv": [132, 96]},
						{"origin": [-18.28417, 5.5, 22.85565], "size": [10, 2, 2], "inflate": -0.25, "pivot": [-13.28417, -17, 23.85565], "rotation": [0, -22.5, 0], "uv": [132, 92]},
						{"origin": [-13.17607, 5.5, 20.86112], "size": [10, 2, 2], "inflate": -0.25, "pivot": [-1.28846, -17, 13.43711], "rotation": [0, 22.5, 0], "uv": [132, 88]}
					]
				},
				{
					"name": "bone2",
					"parent": "group3",
					"pivot": [0.28846, 4, 21.43711],
					"rotation": [0, 22.5, 0],
					"cubes": [
						{"origin": [8.28417, 7, 23.35565], "size": [10, 38, 1], "pivot": [13.28417, 24, 23.85565], "rotation": [0, 22.5, 0], "uv": [82, 67]},
						{"origin": [14.68625, 0, 16.13262], "size": [2, 48, 2], "pivot": [1.28846, 24, 13.43711], "rotation": [0, -45, 0], "uv": [52, 100], "mirror": true},
						{"origin": [3.17607, 7, 21.36112], "size": [10, 38, 1], "pivot": [1.28846, 24, 13.43711], "rotation": [0, -22.5, 0], "uv": [60, 67]},
						{"origin": [17.09491, 0, 20.90418], "size": [2, 48, 2], "pivot": [18.09491, 24, 22.40418], "rotation": [0, 22.5, 0], "uv": [44, 100], "mirror": true},
						{"origin": [8.28417, 44, 22.85565], "size": [10, 2, 2], "inflate": -0.25, "pivot": [13.28417, 23, 23.85565], "rotation": [0, 22.5, 0], "uv": [133, 0], "mirror": true},
						{"origin": [3.17607, 44, 20.86112], "size": [10, 2, 2], "inflate": -0.25, "pivot": [1.28846, 23, 13.43711], "rotation": [0, -22.5, 0], "uv": [132, 96], "mirror": true},
						{"origin": [8.28417, 5.5, 22.85565], "size": [10, 2, 2], "inflate": -0.25, "pivot": [13.28417, -17, 23.85565], "rotation": [0, 22.5, 0], "uv": [132, 92], "mirror": true},
						{"origin": [3.17607, 5.5, 20.86112], "size": [10, 2, 2], "inflate": -0.25, "pivot": [1.28846, -17, 13.43711], "rotation": [0, -22.5, 0], "uv": [132, 88], "mirror": true}
					]
				},
				{
					"name": "group2",
					"parent": "main",
					"pivot": [-8, 16, -14],
					"cubes": [
						{"origin": [-2, 1.1, -2], "size": [4, 3, 4], "uv": [137, 114]},
						{"origin": [-2, 7.1, -2], "size": [4, 2, 4], "uv": [104, 57]},
						{"origin": [-8, 12.1, -8], "size": [16, 2, 14], "uv": [58, 49]},
						{"origin": [-7, 9.1, -5], "size": [14, 3, 10], "uv": [74, 17]},
						{"origin": [-4, 4.63703, -12.67251], "size": [8, 1, 4], "uv": [126, 9]},
						{"origin": [-4, 5.1, -7], "size": [8, 9, 2], "pivot": [0, 14.1, -8], "rotation": [-22.5, 0, 0], "uv": [60, 129]},
						{"origin": [-7, 14.1, -7], "size": [14, 1, 11], "uv": [66, 32]},
						{"origin": [-8, 12.1, 4], "size": [16, 12, 2], "pivot": [0, 12.1, 6], "rotation": [-22.5, 0, 0], "uv": [60, 106]},
						{"origin": [8, 12.1, 2], "size": [2, 11, 4], "pivot": [0, 12.1, 6], "rotation": [-22.5, 0, 0], "uv": [132, 137]},
						{"origin": [8, 12.1, -6], "size": [2, 4, 12], "uv": [84, 119]},
						{"origin": [-10, 12.1, -6], "size": [2, 4, 12], "uv": [116, 88]},
						{"origin": [-9.5, 14.20755, -4.3309], "size": [1, 4, 9], "uv": [115, 122]},
						{"origin": [-10, 18.20755, -4.3309], "size": [2, 1, 9], "uv": [128, 24]},
						{"origin": [8, 18.20755, -4.3309], "size": [2, 1, 9], "uv": [126, 127]},
						{"origin": [8.5, 14.20755, -4.3309], "size": [1, 4, 9], "uv": [126, 114]},
						{"origin": [-10, 12.1, 2], "size": [2, 11, 4], "pivot": [0, 12.1, 6], "rotation": [-22.5, 0, 0], "uv": [120, 137]},
						{"origin": [-9.5, 10.8, -6.6], "size": [1, 4, 2], "pivot": [0, 10.8, 3.1], "rotation": [-22.5, 0, 0], "uv": [0, 56]},
						{"origin": [8.5, 10.8, -6.6], "size": [1, 4, 2], "pivot": [0, 10.8, 3.1], "rotation": [-22.5, 0, 0], "uv": [66, 48]},
						{"origin": [-7, 14.6, 3], "size": [14, 9, 1], "pivot": [0, 12.1, 6], "rotation": [-22.5, 0, 0], "uv": [116, 104]},
						{"origin": [-5, 23.18655, 8.5922], "size": [10, 7, 2], "uv": [126, 68]},
						{"origin": [-10, 24.18655, 8.5922], "size": [5, 6, 2], "pivot": [-5, 26.68655, 10.5922], "rotation": [0, -22.5, 0], "uv": [0, 63]},
						{"origin": [-9, 25.18655, 7.5922], "size": [3, 4, 1], "pivot": [-5, 26.68655, 10.5922], "rotation": [0, -22.5, 0], "uv": [66, 32]},
						{"origin": [6, 25.18655, 7.5922], "size": [3, 4, 1], "pivot": [5, 26.68655, 10.5922], "rotation": [0, 22.5, 0], "uv": [7, 0]},
						{"origin": [5, 24.18655, 8.5922], "size": [5, 6, 2], "pivot": [5, 26.68655, 10.5922], "rotation": [0, 22.5, 0], "uv": [0, 17]},
						{"origin": [-4, 24.18655, 7.5922], "size": [8, 5, 1], "uv": [136, 58]},
						{"origin": [-4, 29.15371, 7.47099], "size": [8, 3, 3], "pivot": [0, 30.15371, 8.77099], "rotation": [-22.5, 0, 0], "uv": [80, 135]},
						{"origin": [-8, 1.1, -1], "size": [16, 2, 2], "uv": [66, 44]},
						{"origin": [-1, 1.1, -8], "size": [2, 2, 16], "uv": [96, 101]},
						{"origin": [-1, 4.1, -1], "size": [2, 3, 2], "uv": [66, 37]},
						{"origin": [-0.5, 0.1, 7], "size": [1, 2, 2], "uv": [66, 58]},
						{"origin": [-0.5, 0.1, -9], "size": [1, 2, 2], "uv": [66, 54]},
						{"origin": [-9, 0.1, -0.5], "size": [2, 2, 1], "uv": [31, 67]},
						{"origin": [7, 0.1, -0.5], "size": [2, 2, 1], "uv": [38, 63]}
					]
				}
			]
		}
	]
}