{
	"format_version": "1.12.0",
	"minecraft:geometry": [
		{
			"description": {
				"identifier": "geometry.model",
				"texture_width": 512,
				"texture_height": 512,
				"visible_bounds_width": 4,
				"visible_bounds_height": 3,
				"visible_bounds_offset": [0, -0.5, 0]
			},
			"bones": [
				{
					"name": "main",
					"pivot": [0, 0, 0],
					"cubes": [
						{"origin": [-75.5, -89.49, -75.5], "size": [151, 151, 151], "inflate": -59.5, "uv": [0, 0]},
						{"origin": [-16, 0, -16], "size": [32, 2, 32], "uv": [0, 0]}
					]
				},
				{
					"name": "blackBox",
					"pivot": [0, 0, -21],
					"cubes": [
						{"origin": [-22, 0, -13], "size": [5, 1, 5], "uv": [69, 11]},
						{"origin": [-21.5, 1.95, -12.5], "size": [4, 1, 4], "uv": [12, 99]},
						{"origin": [-20.25, 2.85, -12.1], "size": [2, 1, 2], "inflate": -0.25, "uv": [12, 99]},
						{"origin": [-21, 2.85, -10.6], "size": [2, 1, 2], "inflate": -0.25, "uv": [12, 99]},
						{"origin": [-18, 1, -13], "size": [1, 3, 4], "uv": [69, 11]},
						{"origin": [-22, 1, -12], "size": [1, 3, 4], "uv": [69, 11]},
						{"origin": [-21, 1, -9], "size": [4, 3, 1], "uv": [69, 11]},
						{"origin": [-22, 1, -13], "size": [4, 3, 1], "uv": [69, 11]}
					]
				},
				{
					"name": "bone2",
					"parent": "blackBox",
					"pivot": [-18.5, 4.15, -11.1],
					"rotation": [0, 0, -22.5],
					"cubes": [
						{"origin": [-19.5, 3.65, -12.1], "size": [2, 1, 2], "inflate": -0.25, "uv": [12, 99]}
					]
				},
				{
					"name": "whiteBox",
					"pivot": [0, 0, 21],
					"cubes": [
						{"origin": [17, 0, 8], "size": [5, 1, 5], "uv": [69, 11], "mirror": true},
						{"origin": [17.5, 1.95, 8.5], "size": [4, 1, 4], "uv": [44, 96], "mirror": true},
						{"origin": [18.25, 2.85, 10.1], "size": [2, 1, 2], "inflate": -0.25, "uv": [44, 96], "mirror": true},
						{"origin": [19, 2.85, 8.6], "size": [2, 1, 2], "inflate": -0.25, "uv": [44, 96], "mirror": true},
						{"origin": [17, 1, 9], "size": [1, 3, 4], "uv": [69, 11], "mirror": true},
						{"origin": [21, 1, 8], "size": [1, 3, 4], "uv": [69, 11], "mirror": true},
						{"origin": [17, 1, 8], "size": [4, 3, 1], "uv": [69, 11], "mirror": true},
						{"origin": [18, 1, 12], "size": [4, 3, 1], "uv": [69, 11], "mirror": true}
					]
				},
				{
					"name": "bone4",
					"parent": "whiteBox",
					"pivot": [18.5, 4.15, 11.1],
					"rotation": [0, 0, 22.5],
					"cubes": [
						{"origin": [17.5, 3.65, 10.1], "size": [2, 1, 2], "inflate": -0.25, "uv": [44, 96], "mirror": true}
					]
				}
			]
		}
	]
}