{
	"format_version": "1.12.0",
	"minecraft:geometry": [
		{
			"description": {
				"identifier": "geometry.model",
				"texture_width": 128,
				"texture_height": 128,
				"visible_bounds_width": 5,
				"visible_bounds_height": 3.5,
				"visible_bounds_offset": [0, 1.25, 0]
			},
			"bones": [
				{
					"name": "main",
					"pivot": [0, 16, 7]
				},
				{
					"name": "bone",
					"parent": "main",
					"pivot": [8, 16, -4],
					"cubes": [
						{"origin": [-21, 14, 8], "size": [42, 1, 15], "uv": [0, 0]},
						{"origin": [-21, 15, 14], "size": [42, 2, 9], "uv": [0, 16]},
						{"origin": [-4, 15.1, 18], "size": [8, 2, 3], "uv": [46, 71]},
						{"origin": [-1, 15.1, 16.5], "size": [2, 2, 1], "uv": [29, 32]},
						{"origin": [-1, 15.1, 15], "size": [2, 2, 1], "uv": [29, 29]},
						{"origin": [-9, 16, 22], "size": [18, 10, 1], "inflate": -0.3, "pivot": [0, 17, 22.5], "rotation": [-22.5, 0, 0], "uv": [44, 52]},
						{"origin": [-6, 16.4, 21.1], "size": [12, 1, 2], "inflate": -0.4, "pivot": [0, 17, 22.5], "rotation": [-22.5, 0, 0], "uv": [29, 39]},
						{"origin": [-7, 16.5, 21.5], "size": [14, 11, 1], "inflate": -0.475, "pivot": [0, 17, 22.5], "rotation": [-22.5, 0, 0], "uv": [0, 63]},
						{"origin": [-21, 14.41421, 9.41421], "size": [4, 2, 5], "uv": [18, 76]},
						{"origin": [-21, 15.20711, 7.91421], "size": [4, 1, 2], "pivot": [-19, 15.70711, 9.41421], "rotation": [45, 0, 0], "uv": [32, 71]},
						{"origin": [17, 15.20711, 7.91421], "size": [4, 1, 2], "pivot": [19, 15.70711, 9.41421], "rotation": [45, 0, 0], "uv": [44, 42]},
						{"origin": [17, 14.41421, 9.41421], "size": [4, 2, 5], "uv": [0, 75]},
						{"origin": [-12, 13, 18], "size": [24, 1, 4], "uv": [44, 47]},
						{"origin": [-11, 13, 13], "size": [2, 1, 5], "uv": [0, 27]},
						{"origin": [9, 13, 13], "size": [2, 1, 5], "uv": [0, 27], "mirror": true},
						{"origin": [18, 0, 18], "size": [3, 1, 3], "uv": [0, 11]},
						{"origin": [-21, 0, 19], "size": [3, 1, 3], "uv": [0, 11]},
						{"origin": [-24, 9, 20], "size": [34, 1, 1], "pivot": [0, 14.5, 14.5], "rotation": [0, 0, -22.5], "uv": [29, 27]},
						{"origin": [-10, 9, 19], "size": [34, 1, 1], "pivot": [0, 14.5, 14.5], "rotation": [0, 0, 22.5], "uv": [29, 27]},
						{"origin": [-12, 13, 9], "size": [24, 1, 4], "uv": [44, 47]},
						{"origin": [-0.5, 8.6, 9.5], "size": [1, 1, 12], "inflate": -0.2, "pivot": [0, 9.1, 15.5], "rotation": [0, 0, -45], "uv": [18, 63]},
						{"origin": [-24, 9, 10], "size": [34, 1, 1], "pivot": [0, 14.5, 16.5], "rotation": [0, 0, -22.5], "uv": [29, 27]},
						{"origin": [-10, 9, 11], "size": [34, 1, 1], "pivot": [0, 14.5, 16.5], "rotation": [0, 0, 22.5], "uv": [29, 27]},
						{"origin": [17, 9, 12], "size": [1, 1, 7], "pivot": [0, 14.5, 16.5], "rotation": [0, 0, 22.5], "uv": [48, 76]},
						{"origin": [-18, 9, 11], "size": [1, 1, 9], "pivot": [0, 14.5, 16.5], "rotation": [0, 0, -22.5], "uv": [35, 71]},
						{"origin": [6, 9, 11], "size": [1, 1, 9], "pivot": [0, 14.5, 16.5], "rotation": [0, 0, -22.5], "uv": [35, 71]},
						{"origin": [-7, 9, 12], "size": [1, 1, 7], "pivot": [0, 14.5, 16.5], "rotation": [0, 0, 22.5], "uv": [48, 76]},
						{"origin": [-21, 0, 9], "size": [3, 1, 3], "uv": [0, 11]},
						{"origin": [16.5, 0, -19], "size": [7, 21, 15], "uv": [0, 27]},
						{"origin": [15.5, 21, -20], "size": [8, 1, 17], "uv": [44, 29]},
						{"origin": [17.5, 22, -13.25], "size": [5, 1, 7], "uv": [60, 63]},
						{"origin": [19.5, 23, -11.75], "size": [2, 7, 4], "uv": [0, 0]},
						{"origin": [18.25, 26, -10.25], "size": [2, 1, 1], "inflate": -0.3, "uv": [9, 30]},
						{"origin": [18.75, 26, -10.25], "size": [1, 1, 1], "inflate": -0.2, "uv": [29, 35]},
						{"origin": [18.75, 24, -10.25], "size": [1, 8, 1], "inflate": -0.45, "pivot": [19.25, 26.5, -9.75], "rotation": [45, 0, 0], "uv": [8, 33]},
						{"origin": [18.75, 29, -10.25], "size": [1, 2, 1], "inflate": -0.4, "pivot": [19.25, 26.5, -9.75], "rotation": [45, 0, 0], "uv": [0, 0]},
						{"origin": [18.75, 23.8, -10.25], "size": [1, 1, 1], "inflate": -0.275, "pivot": [19.25, 26.5, -9.75], "rotation": [45, 0, 0], "uv": [0, 30]},
						{"origin": [18, 0, 10], "size": [3, 1, 3], "uv": [0, 11]}
					]
				},
				{
					"name": "bone3",
					"parent": "bone",
					"pivot": [0, 14.5, 15.5],
					"cubes": [
						{"origin": [-5.7, 15.35, 16.5], "size": [2, 2, 1], "inflate": -0.25, "uv": [8, 0]},
						{"origin": [-3.7, 15.35, 16.5], "size": [2, 2, 1], "inflate": -0.25, "uv": [8, 0]},
						{"origin": [1.7, 15.35, 16.5], "size": [2, 2, 1], "inflate": -0.25, "uv": [8, 0]},
						{"origin": [3.7, 15.35, 16.5], "size": [2, 2, 1], "inflate": -0.25, "uv": [8, 0]}
					]
				},
				{
					"name": "bone4",
					"parent": "bone",
					"pivot": [0, 14.5, 15.5],
					"cubes": [
						{"origin": [-5.7, 15.35, 15.75], "size": [2, 2, 1], "inflate": -0.25, "uv": [9, 11]},
						{"origin": [-3.7, 15.35, 15.75], "size": [2, 2, 1], "inflate": -0.25, "uv": [9, 11]},
						{"origin": [1.7, 15.35, 15.75], "size": [2, 2, 1], "inflate": -0.25, "uv": [9, 11]},
						{"origin": [3.7, 15.35, 15.75], "size": [2, 2, 1], "inflate": -0.25, "uv": [9, 11]}
					]
				},
				{
					"name": "bone5",
					"parent": "bone",
					"pivot": [0, 14.5, 15.5],
					"cubes": [
						{"origin": [-5.7, 15.35, 15], "size": [2, 2, 1], "inflate": -0.25, "uv": [9, 27]},
						{"origin": [-3.7, 15.35, 15], "size": [2, 2, 1], "inflate": -0.25, "uv": [9, 27]},
						{"origin": [1.7, 15.35, 15], "size": [2, 2, 1], "inflate": -0.25, "uv": [9, 27]},
						{"origin": [3.7, 15.35, 15], "size": [2, 2, 1], "inflate": -0.25, "uv": [9, 27]}
					]
				},
				{
					"name": "bone2",
					"parent": "bone",
					"pivot": [0, 14.5, 15.5],
					"cubes": [
						{"origin": [-7.7, 15.35, 19.5], "size": [1, 2, 1], "inflate": -0.25, "uv": [0, 27]},
						{"origin": [-7.7, 15.35, 18.75], "size": [1, 2, 1], "inflate": -0.25, "uv": [0, 27]},
						{"origin": [-7.7, 15.35, 18], "size": [1, 2, 1], "inflate": -0.25, "uv": [0, 27]},
						{"origin": [-6.7, 15.35, 19.5], "size": [1, 2, 1], "inflate": -0.25, "uv": [0, 27]},
						{"origin": [-6.7, 15.35, 18.75], "size": [1, 2, 1], "inflate": -0.25, "uv": [0, 27]},
						{"origin": [-6.7, 15.35, 18], "size": [1, 2, 1], "inflate": -0.25, "uv": [0, 27]},
						{"origin": [-5.7, 15.35, 19.5], "size": [1, 2, 1], "inflate": -0.25, "uv": [0, 27]},
						{"origin": [-5.7, 15.35, 18.75], "size": [1, 2, 1], "inflate": -0.25, "uv": [0, 27]},
						{"origin": [-5.7, 15.35, 18], "size": [1, 2, 1], "inflate": -0.25, "uv": [0, 27]},
						{"origin": [4.7, 15.35, 19.5], "size": [1, 2, 1], "inflate": -0.25, "uv": [0, 27]},
						{"origin": [-7.7, 15.35, 16.5], "size": [1, 2, 1], "inflate": -0.25, "uv": [0, 27]},
						{"origin": [-7.7, 15.35, 15.75], "size": [1, 2, 1], "inflate": -0.25, "uv": [0, 27]},
						{"origin": [-7.7, 15.35, 15], "size": [1, 2, 1], "inflate": -0.25, "uv": [0, 27]},
						{"origin": [-6.7, 15.35, 16.5], "size": [1, 2, 1], "inflate": -0.25, "uv": [0, 27]},
						{"origin": [-6.7, 15.35, 15.75], "size": [1, 2, 1], "inflate": -0.25, "uv": [0, 27]},
						{"origin": [-6.7, 15.35, 15], "size": [1, 2, 1], "inflate": -0.25, "uv": [0, 27]},
						{"origin": [4.7, 15.35, 18.75], "size": [1, 2, 1], "inflate": -0.25, "uv": [0, 27]},
						{"origin": [4.7, 15.35, 18], "size": [1, 2, 1], "inflate": -0.25, "uv": [0, 27]},
						{"origin": [5.7, 15.35, 19.5], "size": [1, 2, 1], "inflate": -0.25, "uv": [0, 27]},
						{"origin": [5.7, 15.35, 18.75], "size": [1, 2, 1], "inflate": -0.25, "uv": [0, 27]},
						{"origin": [5.7, 15.35, 18], "size": [1, 2, 1], "inflate": -0.25, "uv": [0, 27]},
						{"origin": [6.7, 15.35, 19.5], "size": [1, 2, 1], "inflate": -0.25, "uv": [0, 27]},
						{"origin": [6.7, 15.35, 18.75], "size": [1, 2, 1], "inflate": -0.25, "uv": [0, 27]},
						{"origin": [6.7, 15.35, 18], "size": [1, 2, 1], "inflate": -0.25, "uv": [0, 27]},
						{"origin": [5.7, 15.35, 16.5], "size": [1, 2, 1], "inflate": -0.25, "uv": [0, 27]},
						{"origin": [5.7, 15.35, 15.75], "size": [1, 2, 1], "inflate": -0.25, "uv": [0, 27]},
						{"origin": [5.7, 15.35, 15], "size": [1, 2, 1], "inflate": -0.25, "uv": [0, 27]},
						{"origin": [6.7, 15.35, 15], "size": [1, 2, 1], "inflate": -0.25, "uv": [0, 27]},
						{"origin": [6.7, 15.35, 15.75], "size": [1, 2, 1], "inflate": -0.25, "uv": [0, 27]},
						{"origin": [6.7, 15.35, 16.5], "size": [1, 2, 1], "inflate": -0.25, "uv": [0, 27]}
					]
				},
				{
					"name": "group",
					"parent": "bone",
					"pivot": [0, 14.8, 17.4],
					"cubes": [
						{"origin": [-14, 14.9, 10.55], "size": [1, 1, 8], "inflate": -0.175, "uv": [60, 71]},
						{"origin": [-10.4, 14.9, 10.55], "size": [1, 1, 8], "inflate": -0.175, "uv": [60, 71]},
						{"origin": [-13.1, 14.9, 10.55], "size": [1, 1, 8], "inflate": -0.175, "uv": [60, 71]},
						{"origin": [-12.2, 14.9, 10.55], "size": [1, 1, 8], "inflate": -0.175, "uv": [60, 71]},
						{"origin": [-4.1, 14.9, 10.55], "size": [1, 1, 8], "inflate": -0.175, "uv": [60, 71]},
						{"origin": [-3.2, 14.9, 10.55], "size": [1, 1, 8], "inflate": -0.175, "uv": [60, 71]},
						{"origin": [-5.9, 14.9, 10.55], "size": [1, 1, 8], "inflate": -0.175, "uv": [60, 71]},
						{"origin": [-6.8, 14.9, 10.55], "size": [1, 1, 8], "inflate": -0.175, "uv": [60, 71]},
						{"origin": [-7.7, 14.9, 10.55], "size": [1, 1, 8], "inflate": -0.175, "uv": [60, 71]},
						{"origin": [-9.5, 14.9, 10.55], "size": [1, 1, 8], "inflate": -0.175, "uv": [60, 71]},
						{"origin": [-1.4, 14.9, 10.55], "size": [1, 1, 8], "inflate": -0.175, "uv": [60, 71]},
						{"origin": [0.4, 14.9, 10.55], "size": [1, 1, 8], "inflate": -0.175, "uv": [60, 71]},
						{"origin": [-0.5, 14.9, 10.55], "size": [1, 1, 8], "inflate": -0.175, "uv": [60, 71]},
						{"origin": [2.2, 14.9, 10.55], "size": [1, 1, 8], "inflate": -0.175, "uv": [60, 71]},
						{"origin": [3.1, 14.9, 10.55], "size": [1, 1, 8], "inflate": -0.175, "uv": [60, 71]},
						{"origin": [4.9, 14.9, 10.55], "size": [1, 1, 8], "inflate": -0.175, "uv": [60, 71]},
						{"origin": [5.8, 14.9, 10.55], "size": [1, 1, 8], "inflate": -0.175, "uv": [60, 71]},
						{"origin": [6.7, 14.9, 10.55], "size": [1, 1, 8], "inflate": -0.175, "uv": [60, 71]},
						{"origin": [9.4, 14.9, 10.55], "size": [1, 1, 8], "inflate": -0.175, "uv": [60, 71]},
						{"origin": [8.5, 14.9, 10.55], "size": [1, 1, 8], "inflate": -0.175, "uv": [60, 71]},
						{"origin": [11.2, 14.9, 10.55], "size": [1, 1, 8], "inflate": -0.175, "uv": [60, 71]},
						{"origin": [-16.7, 14.9, 10.55], "size": [1, 1, 8], "inflate": -0.175, "uv": [60, 71]},
						{"origin": [-15.8, 14.9, 10.55], "size": [1, 1, 8], "inflate": -0.175, "uv": [60, 71]},
						{"origin": [15.7, 14.9, 10.55], "size": [1, 1, 8], "inflate": -0.175, "uv": [60, 71]},
						{"origin": [14.8, 14.9, 10.55], "size": [1, 1, 8], "inflate": -0.175, "uv": [60, 71]},
						{"origin": [13, 14.9, 10.55], "size": [1, 1, 8], "inflate": -0.175, "uv": [60, 71]},
						{"origin": [12.1, 14.9, 10.55], "size": [1, 1, 8], "inflate": -0.175, "uv": [60, 71]}
					]
				},
				{
					"name": "group2",
					"parent": "bone",
					"pivot": [0, 14.8, 17.4],
					"cubes": [
						{"origin": [16.15, 14.525, 8.55], "size": [1, 1, 8], "inflate": -0.075, "uv": [70, 72]},
						{"origin": [-14.45, 14.525, 8.55], "size": [1, 1, 8], "inflate": -0.075, "uv": [70, 72]},
						{"origin": [-11.75, 14.525, 8.55], "size": [1, 1, 8], "inflate": -0.075, "uv": [70, 72]},
						{"origin": [-10.85, 14.525, 8.55], "size": [1, 1, 8], "inflate": -0.075, "uv": [70, 72]},
						{"origin": [-13.55, 14.525, 8.55], "size": [1, 1, 8], "inflate": -0.075, "uv": [70, 72]},
						{"origin": [-12.65, 14.525, 8.55], "size": [1, 1, 8], "inflate": -0.075, "uv": [70, 72]},
						{"origin": [-4.55, 14.525, 8.55], "size": [1, 1, 8], "inflate": -0.075, "uv": [70, 72]},
						{"origin": [-3.65, 14.525, 8.55], "size": [1, 1, 8], "inflate": -0.075, "uv": [70, 72]},
						{"origin": [-6.35, 14.525, 8.55], "size": [1, 1, 8], "inflate": -0.075, "uv": [70, 72]},
						{"origin": [-5.45, 14.525, 8.55], "size": [1, 1, 8], "inflate": -0.075, "uv": [70, 72]},
						{"origin": [-7.25, 14.525, 8.55], "size": [1, 1, 8], "inflate": -0.075, "uv": [70, 72]},
						{"origin": [-8.15, 14.525, 8.55], "size": [1, 1, 8], "inflate": -0.075, "uv": [70, 72]},
						{"origin": [-9.05, 14.525, 8.55], "size": [1, 1, 8], "inflate": -0.075, "uv": [70, 72]},
						{"origin": [-9.95, 14.525, 8.55], "size": [1, 1, 8], "inflate": -0.075, "uv": [70, 72]},
						{"origin": [-2.75, 14.525, 8.55], "size": [1, 1, 8], "inflate": -0.075, "uv": [70, 72]},
						{"origin": [-1.85, 14.525, 8.55], "size": [1, 1, 8], "inflate": -0.075, "uv": [70, 72]},
						{"origin": [-0.05, 14.525, 8.55], "size": [1, 1, 8], "inflate": -0.075, "uv": [70, 72]},
						{"origin": [-0.95, 14.525, 8.55], "size": [1, 1, 8], "inflate": -0.075, "uv": [70, 72]},
						{"origin": [1.75, 14.525, 8.55], "size": [1, 1, 8], "inflate": -0.075, "uv": [70, 72]},
						{"origin": [0.85, 14.525, 8.55], "size": [1, 1, 8], "inflate": -0.075, "uv": [70, 72]},
						{"origin": [3.55, 14.525, 8.55], "size": [1, 1, 8], "inflate": -0.075, "uv": [70, 72]},
						{"origin": [2.65, 14.525, 8.55], "size": [1, 1, 8], "inflate": -0.075, "uv": [70, 72]},
						{"origin": [4.45, 14.525, 8.55], "size": [1, 1, 8], "inflate": -0.075, "uv": [70, 72]},
						{"origin": [5.35, 14.525, 8.55], "size": [1, 1, 8], "inflate": -0.075, "uv": [70, 72]},
						{"origin": [6.25, 14.525, 8.55], "size": [1, 1, 8], "inflate": -0.075, "uv": [70, 72]},
						{"origin": [7.15, 14.525, 8.55], "size": [1, 1, 8], "inflate": -0.075, "uv": [70, 72]},
						{"origin": [8.95, 14.525, 8.55], "size": [1, 1, 8], "inflate": -0.075, "uv": [70, 72]},
						{"origin": [8.05, 14.525, 8.55], "size": [1, 1, 8], "inflate": -0.075, "uv": [70, 72]},
						{"origin": [10.75, 14.525, 8.55], "size": [1, 1, 8], "inflate": -0.075, "uv": [70, 72]},
						{"origin": [9.85, 14.525, 8.55], "size": [1, 1, 8], "inflate": -0.075, "uv": [70, 72]},
						{"origin": [-17.15, 14.525, 8.55], "size": [1, 1, 8], "inflate": -0.075, "uv": [70, 72]},
						{"origin": [-16.25, 14.525, 8.55], "size": [1, 1, 8], "inflate": -0.075, "uv": [70, 72]},
						{"origin": [-15.35, 14.525, 8.55], "size": [1, 1, 8], "inflate": -0.075, "uv": [70, 72]},
						{"origin": [15.25, 14.525, 8.55], "size": [1, 1, 8], "inflate": -0.075, "uv": [70, 72]},
						{"origin": [14.35, 14.525, 8.55], "size": [1, 1, 8], "inflate": -0.075, "uv": [70, 72]},
						{"origin": [13.45, 14.525, 8.55], "size": [1, 1, 8], "inflate": -0.075, "uv": [70, 72]},
						{"origin": [12.55, 14.525, 8.55], "size": [1, 1, 8], "inflate": -0.075, "uv": [70, 72]},
						{"origin": [11.65, 14.525, 8.55], "size": [1, 1, 8], "inflate": -0.075, "uv": [70, 72]}
					]
				},
				{
					"name": "bone6",
					"parent": "main",
					"pivot": [0, 16, 7],
					"cubes": [
						{"origin": [-3.5, 9, -3.5], "size": [7, 1, 7], "uv": [32, 63]},
						{"origin": [-4, 7, -4], "size": [8, 2, 8], "uv": [29, 29]},
						{"origin": [-4, 0, -4], "size": [2, 7, 2], "uv": [0, 33]},
						{"origin": [-4, 0, 2], "size": [2, 7, 2], "uv": [0, 16]},
						{"origin": [-3.5, 3, -2], "size": [1, 2, 4], "uv": [77, 38]},
						{"origin": [-2, 1, -3.5], "size": [4, 2, 1], "uv": [31, 76]},
						{"origin": [2, 0, -4], "size": [2, 7, 2], "uv": [80, 61]},
						{"origin": [-2, 1, 2.5], "size": [4, 2, 1], "uv": [13, 76]},
						{"origin": [2, 0, 2], "size": [2, 7, 2], "uv": [77, 29]},
						{"origin": [2.5, 3, -2], "size": [1, 2, 4], "uv": [53, 63]}
					]
				}
			]
		}
	]
}