{
	"format_version": "1.12.0",
	"minecraft:geometry": [
		{
			"description": {
				"identifier": "geometry.model",
				"texture_width": 128,
				"texture_height": 128,
				"visible_bounds_width": 3,
				"visible_bounds_height": 3.5,
				"visible_bounds_offset": [0, 1.25, 0]
			},
			"bones": [
				{
					"name": "bone",
					"pivot": [0, 0, 0],
					"cubes": [
						{"origin": [-7.5, 0, -7.5], "size": [15, 5, 15], "uv": [0, 0]},
						{"origin": [-6, 9, -6], "size": [12, 1, 12], "uv": [0, 21]},
						{"origin": [-3.5, 18, -3.5], "size": [7, 1, 7], "uv": [60, 26], "mirror": true},
						{"origin": [-3.5, 11.5, 2.5], "size": [7, 6, 1], "uv": [73, 35]},
						{"origin": [-5, 9.5, -5], "size": [10, 1, 10], "uv": [31, 39]},
						{"origin": [5.30444, 16.83151, -7], "size": [0.5, 5, 14], "pivot": [0, 16.23417, 0], "rotation": [0, 0, -45], "uv": [33, 51], "mirror": true},
						{"origin": [-0.5, 19.75, -3.75], "size": [1, 4, 1], "uv": [42, 21]},
						{"origin": [-0.5, 19.75, 2.75], "size": [1, 4, 1], "uv": [0, 37]},
						{"origin": [0.2235, 16.45768, 2.5], "size": [5, 5, 1], "pivot": [0, 16.23417, 0], "rotation": [0, 0, -45], "uv": [61, 13]},
						{"origin": [0.57705, 16.81123, -3.5], "size": [5, 5, 1], "pivot": [0, 16.23417, 0], "rotation": [0, 0, -45], "uv": [61, 13]},
						{"origin": [1.47806, 21.36343, -7], "size": [5, 0.5, 14], "pivot": [0, 16.23417, 0], "rotation": [0, 0, 22.5], "uv": [35, 21], "mirror": true},
						{"origin": [-0.5, 23.5, -7], "size": [1, 1, 14], "uv": [98, 0]},
						{"origin": [-5.80444, 16.83151, -7], "size": [0.5, 5, 14], "pivot": [0, 16.23417, 0], "rotation": [0, 0, 45], "uv": [33, 51]},
						{"origin": [-6.47806, 21.36343, -7], "size": [5, 0.5, 14], "pivot": [0, 16.23417, 0], "rotation": [0, 0, -22.5], "uv": [35, 21]},
						{"origin": [5.51657, 16.69009, -4], "size": [0.5, 5, 1], "pivot": [0, 16.23417, 0], "rotation": [0, 0, -45], "uv": [98, 0]},
						{"origin": [1.68989, 21.50529, -4], "size": [5.25, 0.5, 1], "pivot": [0, 16.23417, 0], "rotation": [0, 0, 22.5], "uv": [98, 0]},
						{"origin": [5.51657, 16.69009, 3], "size": [0.5, 5, 1], "pivot": [0, 16.23417, 0], "rotation": [0, 0, -45], "uv": [98, 0]},
						{"origin": [1.68989, 21.50529, 3], "size": [5.25, 0.5, 1], "pivot": [0, 16.23417, 0], "rotation": [0, 0, 22.5], "uv": [98, 0]},
						{"origin": [-6.01657, 16.69009, 3], "size": [0.5, 5, 1], "pivot": [0, 16.23417, 0], "rotation": [0, 0, 45], "uv": [98, 0]},
						{"origin": [-6.93989, 21.50529, 3], "size": [5.25, 0.5, 1], "pivot": [0, 16.23417, 0], "rotation": [0, 0, -22.5], "uv": [98, 0]},
						{"origin": [-6.01657, 16.69009, -4], "size": [0.5, 5, 1], "pivot": [0, 16.23417, 0], "rotation": [0, 0, 45], "uv": [98, 0], "mirror": true},
						{"origin": [-6.93989, 21.50529, -4], "size": [5.25, 0.5, 1], "pivot": [0, 16.23417, 0], "rotation": [0, 0, -22.5], "uv": [98, 0], "mirror": true},
						{"origin": [-0.5, 20.26814, -11.24767], "size": [1, 1, 2], "pivot": [0, 16.23417, 0], "rotation": [-22.5, 0, 0], "uv": [98, 0], "mirror": true},
						{"origin": [-0.5, 20.26814, 9.24767], "size": [1, 1, 2], "pivot": [0, 16.23417, 0], "rotation": [22.5, 0, 0], "uv": [98, 0]},
						{"origin": [2.5, 11.5, -3.5], "size": [1, 6, 7], "uv": [21, 68], "mirror": true},
						{"origin": [-3.5, 11.5, -3.5], "size": [1, 6, 7], "uv": [21, 68]},
						{"origin": [-3.5, 10.5, -3.5], "size": [7, 1, 7], "uv": [60, 26]},
						{"origin": [-3.5, 17, -3.5], "size": [7, 1, 7], "uv": [60, 26]},
						{"origin": [-2.5, 18.10051, -3.5], "size": [5, 5, 1], "pivot": [0, 20.60051, -3], "rotation": [0, 0, -45], "uv": [0, 8]},
						{"origin": [-2.5, 18.10051, 2.5], "size": [5, 5, 1], "pivot": [0, 20.60051, 3], "rotation": [0, 0, -45], "uv": [0, 0], "mirror": true}
					]
				},
				{
					"name": "bone7",
					"parent": "bone",
					"pivot": [0, 16.23417, 0],
					"cubes": [
						{"origin": [2.48333, 10.96667, -3.7], "size": [0.55, 7, 0.2], "uv": [110, 36]},
						{"origin": [-3.5, 11.43333, -3.7], "size": [7, 0.55, 0.2], "uv": [110, 36], "mirror": true},
						{"origin": [-3.03333, 10.96667, -3.7], "size": [0.55, 7, 0.2], "uv": [110, 36], "mirror": true},
						{"origin": [-3.5, 16.95, -3.7], "size": [7, 0.55, 0.2], "uv": [110, 36], "mirror": true},
						{"origin": [3.5, 16.35, -3.5], "size": [0.2, 0.2, 7], "uv": [110, 36]},
						{"origin": [3.5, 10.96667, 2.48333], "size": [0.2, 7, 0.55], "uv": [110, 36], "mirror": true},
						{"origin": [3.5, 11.43333, -3.5], "size": [0.2, 0.55, 7], "uv": [110, 36]},
						{"origin": [3.5, 12.38333, -3.5], "size": [0.2, 0.2, 7], "uv": [110, 36]},
						{"origin": [3.5, 10.96667, -3.03333], "size": [0.2, 7, 0.55], "uv": [110, 36]},
						{"origin": [3.5, 16.95, -3.5], "size": [0.2, 0.55, 7], "uv": [110, 36]},
						{"origin": [3.5, 10.96667, -2.08333], "size": [0.2, 7, 0.2], "uv": [110, 36]},
						{"origin": [3.5, 10.96667, 1.88333], "size": [0.2, 7, 0.2], "uv": [110, 36]},
						{"origin": [-3.03333, 10.96667, 3.5], "size": [0.55, 7, 0.2], "uv": [110, 36]},
						{"origin": [-3.5, 16.95, 3.5], "size": [7, 0.55, 0.2], "uv": [110, 36]},
						{"origin": [2.48333, 10.96667, 3.5], "size": [0.55, 7, 0.2], "uv": [110, 36]},
						{"origin": [1.88333, 10.96667, 3.5], "size": [0.2, 7, 0.2], "uv": [110, 36]},
						{"origin": [-3.5, 11.43333, 3.5], "size": [7, 0.55, 0.2], "uv": [110, 36]},
						{"origin": [-3.5, 12.38333, 3.5], "size": [7, 0.2, 0.2], "uv": [110, 36]},
						{"origin": [-3.5, 16.35, 3.5], "size": [7, 0.2, 0.2], "uv": [110, 36]},
						{"origin": [-2.08333, 10.96667, 3.5], "size": [0.2, 7, 0.2], "uv": [110, 36]},
						{"origin": [-3.7, 10.96667, 2.48333], "size": [0.2, 7, 0.55], "uv": [110, 36]},
						{"origin": [-3.7, 16.95, -3.5], "size": [0.2, 0.55, 7], "uv": [110, 36], "mirror": true},
						{"origin": [-3.7, 16.35, -3.5], "size": [0.2, 0.2, 7], "uv": [110, 36], "mirror": true},
						{"origin": [-3.7, 10.96667, -3.03333], "size": [0.2, 7, 0.55], "uv": [110, 36]},
						{"origin": [-3.7, 11.43333, -3.5], "size": [0.2, 0.55, 7], "uv": [110, 36], "mirror": true},
						{"origin": [-3.7, 12.38333, -3.5], "size": [0.2, 0.2, 7], "uv": [110, 36], "mirror": true},
						{"origin": [-3.7, 10.96667, -2.08333], "size": [0.2, 7, 0.2], "uv": [110, 36]},
						{"origin": [-3.7, 10.96667, 1.88333], "size": [0.2, 7, 0.2], "uv": [110, 36]}
					]
				},
				{
					"name": "bone4",
					"parent": "bone",
					"pivot": [-0.25, 16.23417, -0.25],
					"cubes": [
						{"origin": [-7, 7.25, 6.25], "size": [14, 1, 0.5], "inflate": -0.1, "uv": [32, 36]},
						{"origin": [3, 7.25, -6.75], "size": [4, 1, 0.5], "inflate": -0.1, "uv": [0, 35]},
						{"origin": [-7, 7.25, -6.75], "size": [4, 1, 0.5], "inflate": -0.1, "uv": [0, 35]},
						{"origin": [6.25, 7.25, -7], "size": [0.5, 1, 14], "inflate": -0.1, "uv": [60, 10]},
						{"origin": [-6.75, 7.25, -7], "size": [0.5, 1, 14], "inflate": -0.1, "uv": [58, 37]}
					]
				},
				{
					"name": "bone5",
					"parent": "bone4",
					"pivot": [0, 16.23417, 0],
					"cubes": [
						{"origin": [-6.75, 1.75, -6.75], "size": [0.5, 7, 0.5], "inflate": 0.1, "uv": [62, 0]},
						{"origin": [-6.75, 1.75, -5.75], "size": [0.5, 7, 0.5], "uv": [62, 0]},
						{"origin": [-6.75, 1.75, -4.75], "size": [0.5, 7, 0.5], "uv": [62, 0]},
						{"origin": [-6.75, 1.75, -3.75], "size": [0.5, 7, 0.5], "uv": [62, 0]},
						{"origin": [-6.75, 1.75, -2.75], "size": [0.5, 7, 0.5], "uv": [62, 0]},
						{"origin": [-6.75, 1.75, -1.75], "size": [0.5, 7, 0.5], "uv": [62, 0]},
						{"origin": [-6.75, 1.75, -0.75], "size": [0.5, 7, 0.5], "uv": [62, 0]},
						{"origin": [-6.75, 1.75, 0.25], "size": [0.5, 7, 0.5], "uv": [62, 0]},
						{"origin": [-6.75, 1.75, 1.25], "size": [0.5, 7, 0.5], "uv": [62, 0]},
						{"origin": [-6.75, 1.75, 2.25], "size": [0.5, 7, 0.5], "uv": [62, 0]},
						{"origin": [-6.75, 1.75, 3.25], "size": [0.5, 7, 0.5], "uv": [62, 0]},
						{"origin": [-6.75, 1.75, 4.25], "size": [0.5, 7, 0.5], "uv": [62, 0]},
						{"origin": [-6.75, 1.75, 5.25], "size": [0.5, 7, 0.5], "uv": [62, 0]},
						{"origin": [6.25, 1.75, 5.25], "size": [0.5, 7, 0.5], "uv": [62, 0]},
						{"origin": [6.25, 1.75, 4.25], "size": [0.5, 7, 0.5], "uv": [62, 0]},
						{"origin": [6.25, 1.75, 3.25], "size": [0.5, 7, 0.5], "uv": [62, 0]},
						{"origin": [6.25, 1.75, 2.25], "size": [0.5, 7, 0.5], "uv": [62, 0]},
						{"origin": [6.25, 1.75, 1.25], "size": [0.5, 7, 0.5], "uv": [62, 0]},
						{"origin": [6.25, 1.75, 0.25], "size": [0.5, 7, 0.5], "uv": [62, 0]},
						{"origin": [6.25, 1.75, -0.75], "size": [0.5, 7, 0.5], "uv": [62, 0]},
						{"origin": [6.25, 1.75, -1.75], "size": [0.5, 7, 0.5], "uv": [62, 0]},
						{"origin": [6.25, 1.75, -2.75], "size": [0.5, 7, 0.5], "uv": [62, 0]},
						{"origin": [6.25, 1.75, -3.75], "size": [0.5, 7, 0.5], "uv": [62, 0]},
						{"origin": [6.25, 1.75, -4.75], "size": [0.5, 7, 0.5], "uv": [62, 0]},
						{"origin": [6.25, 1.75, -5.75], "size": [0.5, 7, 0.5], "uv": [62, 0]},
						{"origin": [6.25, 1.75, -6.75], "size": [0.5, 7, 0.5], "inflate": 0.1, "uv": [62, 0]},
						{"origin": [-6.75, 1.75, 6.25], "size": [0.5, 7, 0.5], "inflate": 0.1, "uv": [62, 0]},
						{"origin": [-5.75, 1.75, 6.25], "size": [0.5, 7, 0.5], "uv": [62, 0]},
						{"origin": [-4.75, 1.75, 6.25], "size": [0.5, 7, 0.5], "uv": [62, 0]},
						{"origin": [-3.75, 1.75, 6.25], "size": [0.5, 7, 0.5], "uv": [62, 0]},
						{"origin": [-2.75, 1.75, 6.25], "size": [0.5, 7, 0.5], "uv": [62, 0]},
						{"origin": [-1.75, 1.75, 6.25], "size": [0.5, 7, 0.5], "uv": [62, 0]},
						{"origin": [-0.75, 1.75, 6.25], "size": [0.5, 7, 0.5], "uv": [62, 0]},
						{"origin": [0.25, 1.75, 6.25], "size": [0.5, 7, 0.5], "uv": [62, 0]},
						{"origin": [1.25, 1.75, 6.25], "size": [0.5, 7, 0.5], "uv": [62, 0]},
						{"origin": [2.25, 1.75, 6.25], "size": [0.5, 7, 0.5], "uv": [62, 0]},
						{"origin": [3.25, 1.75, 6.25], "size": [0.5, 7, 0.5], "uv": [62, 0]},
						{"origin": [4.25, 1.75, 6.25], "size": [0.5, 7, 0.5], "uv": [62, 0]},
						{"origin": [5.25, 1.75, 6.25], "size": [0.5, 7, 0.5], "uv": [62, 0]},
						{"origin": [6.25, 1.75, 6.25], "size": [0.5, 7, 0.5], "inflate": 0.1, "uv": [62, 0]},
						{"origin": [-6.75, 1.75, -6.75], "size": [0.5, 7, 0.5], "uv": [62, 0]},
						{"origin": [-5.75, 1.75, -6.75], "size": [0.5, 7, 0.5], "uv": [62, 0]},
						{"origin": [-4.75, 1.75, -6.75], "size": [0.5, 7, 0.5], "uv": [62, 0]},
						{"origin": [-3.75, 1.75, -6.75], "size": [0.5, 7, 0.5], "uv": [62, 0]},
						{"origin": [3.25, 1.75, -6.75], "size": [0.5, 7, 0.5], "uv": [62, 0]},
						{"origin": [4.25, 1.75, -6.75], "size": [0.5, 7, 0.5], "uv": [62, 0]},
						{"origin": [5.25, 1.75, -6.75], "size": [0.5, 7, 0.5], "uv": [62, 0]},
						{"origin": [6.25, 1.75, -6.75], "size": [0.5, 7, 0.5], "uv": [62, 0]}
					]
				},
				{
					"name": "bone3",
					"parent": "bone",
					"pivot": [0, 1, 0],
					"cubes": [
						{"origin": [-5.5, 5, -5.5], "size": [3, 4, 3], "uv": [48, 56]},
						{"origin": [2.5, 5, -5.5], "size": [3, 4, 3], "uv": [33, 51]},
						{"origin": [-5.5, 5, -3.5], "size": [11, 4, 9], "uv": [0, 35]}
					]
				},
				{
					"name": "bone6",
					"parent": "bone",
					"pivot": [0, 16.23417, 0],
					"cubes": [
						{"origin": [3, 10.5, -4.5], "size": [1, 1, 9], "uv": [0, 68]},
						{"origin": [-4.5, 10.5, -4], "size": [9, 1, 1], "uv": [48, 53]},
						{"origin": [3, 10.75, -4], "size": [1, 10, 1], "uv": [37, 21]},
						{"origin": [-4.5, 10.5, 3], "size": [9, 1, 1], "uv": [48, 53]},
						{"origin": [-4, 10.5, -4.5], "size": [1, 1, 9], "uv": [0, 68]},
						{"origin": [-4, 10.75, -4], "size": [1, 10, 1], "uv": [37, 21]},
						{"origin": [3, 10.75, 3], "size": [1, 10, 1], "uv": [37, 21]},
						{"origin": [-4, 10.75, 3], "size": [1, 10, 1], "uv": [37, 21]},
						{"origin": [-4.5, 19, 3], "size": [9, 1, 1], "uv": [46, 10]},
						{"origin": [-4, 19, -6.5], "size": [1, 1, 13], "uv": [65, 53]},
						{"origin": [3, 19, -6.5], "size": [1, 1, 13], "uv": [65, 53]},
						{"origin": [-4.5, 19, -4], "size": [9, 1, 1], "uv": [46, 10]},
						{"origin": [-4.5, 17.5, -4.5], "size": [9, 0.5, 9], "uv": [46, 0]}
					]
				}
			]
		}
	]
}