{
	"format_version": "1.12.0",
	"minecraft:geometry": [
		{
			"description": {
				"identifier": "geometry.model",
				"texture_width": 128,
				"texture_height": 128,
				"visible_bounds_width": 4,
				"visible_bounds_height": 1.5,
				"visible_bounds_offset": [0, 0.25, 0]
			},
			"bones": [
				{
					"name": "all",
					"pivot": [0, 3, 0]
				},
				{
					"name": "head",
					"parent": "all",
					"pivot": [0, 3, 10]
				},
				{
					"name": "middle",
					"parent": "head",
					"pivot": [0, 3.75, 10]
				},
				{
					"name": "sz",
					"parent": "middle",
					"pivot": [0, 4.75, 15],
					"rotation": [7.5, 0, 0],
					"cubes": [
						{"origin": [-1, 3.75, 9], "size": [2, 2, 14], "inflate": 0.05, "uv": [18, 2]}
					]
				},
				{
					"name": "sz2",
					"parent": "middle",
					"pivot": [0, 2.75, 15],
					"rotation": [-7.5, 0, 0],
					"cubes": [
						{"origin": [-1, 1.75, 10], "size": [2, 2, 13], "inflate": 0.05, "uv": [17, 34]}
					]
				},
				{
					"name": "sz4",
					"parent": "middle",
					"pivot": [-1.1, 4.45, 15],
					"rotation": [-7.52832, -4.95712, 90.65426],
					"cubes": [
						{"origin": [-2.1, 3.45, 9], "size": [2, 2, 14], "inflate": 0.05, "uv": [0, 16]}
					]
				},
				{
					"name": "sz19",
					"parent": "middle",
					"pivot": [1.1, 4.45, 15],
					"rotation": [-7.52832, 4.95712, -90.65426],
					"cubes": [
						{"origin": [0.1, 3.45, 9], "size": [2, 2, 14], "inflate": 0.05, "uv": [0, 0]}
					]
				},
				{
					"name": "sz27",
					"parent": "middle",
					"pivot": [0.6, 3.45, 15],
					"rotation": [-12.60179, -7.8853, -88.68904],
					"cubes": [
						{"origin": [-0.4, 2.45, 9], "size": [2, 2, 14], "inflate": 0.05, "uv": [0, 0]}
					]
				},
				{
					"name": "sz28",
					"parent": "middle",
					"pivot": [-0.6, 3.45, 15],
					"rotation": [-12.60179, 7.8853, 88.68904],
					"cubes": [
						{"origin": [-1.6, 2.45, 9], "size": [2, 2, 14], "inflate": 0.05, "uv": [0, 0], "mirror": true}
					]
				},
				{
					"name": "sz3",
					"parent": "middle",
					"pivot": [-1.1, 4.45, 15],
					"rotation": [-7.52832, -4.95712, 90.65426]
				},
				{
					"name": "hdj",
					"parent": "middle",
					"pivot": [0, 5.5, 9.25],
					"rotation": [12.5, 0, 0],
					"cubes": [
						{"origin": [-1, 4.5, 8.25], "size": [2, 2, 2], "uv": [24, 4]}
					]
				},
				{
					"name": "sz11",
					"parent": "hdj",
					"pivot": [-1.50631, 5.5578, 10.67495],
					"rotation": [52.01855, -5.64128, 92.72781],
					"cubes": [
						{"origin": [-1.56397, 0.68754, 9.63187], "size": [1, 6, 2], "inflate": 0.05, "uv": [6, 16]}
					]
				},
				{
					"name": "sz13",
					"parent": "hdj",
					"pivot": [1.50631, 5.5578, 10.67495],
					"rotation": [52.01855, 5.64128, -92.72781],
					"cubes": [
						{"origin": [0.56397, 0.68754, 9.63187], "size": [1, 6, 2], "inflate": 0.05, "uv": [0, 16]}
					]
				},
				{
					"name": "sz12",
					"parent": "hdj",
					"pivot": [-1.50631, 5.5578, 10.67495],
					"rotation": [64.39056, -7.89696, 93.81338],
					"cubes": [
						{"origin": [-1.34483, 0.58631, 10.64306], "size": [1, 6, 1], "inflate": 0.05, "uv": [26, 18]}
					]
				},
				{
					"name": "sz14",
					"parent": "hdj",
					"pivot": [1.50631, 5.5578, 10.67495],
					"rotation": [64.39056, 7.89696, -93.81338],
					"cubes": [
						{"origin": [0.34483, 0.58631, 10.64306], "size": [1, 6, 1], "inflate": 0.05, "uv": [10, 6]}
					]
				},
				{
					"name": "sz10",
					"parent": "hdj",
					"pivot": [1.50631, 5.0578, 9.67495],
					"rotation": [1.47277, 5.33192, -105.25869],
					"cubes": [
						{"origin": [0.56397, 2.18754, 8.63187], "size": [2, 4, 2], "inflate": 0.05, "uv": [18, 0]}
					]
				},
				{
					"name": "sz7",
					"parent": "hdj",
					"pivot": [-1.50631, 5.0578, 9.67495],
					"rotation": [1.47277, -5.33192, 105.25869],
					"cubes": [
						{"origin": [-2.56397, 2.18754, 8.63187], "size": [2, 4, 2], "inflate": 0.05, "uv": [18, 0], "mirror": true}
					]
				},
				{
					"name": "sz9",
					"parent": "hdj",
					"pivot": [1.50631, 5.0578, 9.67495],
					"rotation": [-28.54735, 2.8478, -105.54078],
					"cubes": [
						{"origin": [0.50631, 2.0578, 8.17495], "size": [2, 4, 2], "inflate": 0.05, "uv": [18, 6]}
					]
				},
				{
					"name": "sz8",
					"parent": "hdj",
					"pivot": [-1.50631, 5.0578, 9.67495],
					"rotation": [-28.54735, -2.8478, 105.54078],
					"cubes": [
						{"origin": [-2.50631, 2.0578, 8.17495], "size": [2, 4, 2], "inflate": 0.05, "uv": [18, 6], "mirror": true}
					]
				},
				{
					"name": "sz15",
					"parent": "hdj",
					"pivot": [5.94371, 4.39086, 13.14549],
					"rotation": [-10.13709, 17.06424, -26.29819],
					"cubes": [
						{"origin": [2.24339, 3.90016, 7.79772], "size": [1, 2, 8], "inflate": 0.05, "uv": [51, 36]}
					]
				},
				{
					"name": "sz23",
					"parent": "hdj",
					"pivot": [-5.94371, 4.39086, 13.14549],
					"rotation": [-10.13709, -17.06424, 26.29819],
					"cubes": [
						{"origin": [-3.24339, 3.90016, 7.79772], "size": [1, 2, 8], "inflate": 0.05, "uv": [51, 36], "mirror": true}
					]
				},
				{
					"name": "sz24",
					"parent": "hdj",
					"pivot": [1.53744, 3.62612, 7.07881],
					"rotation": [-12.52924, 39.14108, -31.28013],
					"cubes": [
						{"origin": [-0.4963, 3.13088, 6.54059], "size": [1, 2, 2], "inflate": 0.05, "uv": [26, 0]}
					]
				},
				{
					"name": "sz25",
					"parent": "hdj",
					"pivot": [-1.53744, 3.62612, 7.07881],
					"rotation": [-12.52924, -39.14108, 31.28013],
					"cubes": [
						{"origin": [-0.5037, 3.13088, 6.54059], "size": [1, 2, 2], "inflate": 0.05, "uv": [8, 24]}
					]
				},
				{
					"name": "sz17",
					"parent": "hdj",
					"pivot": [2.54827, 3.53669, 12.90197],
					"rotation": [5.37379, 19.05471, 21.12905],
					"cubes": [
						{"origin": [2.62964, 1.13314, 9.40197], "size": [1, 2, 7], "inflate": 0.05, "uv": [52, 14]}
					]
				},
				{
					"name": "sz26",
					"parent": "hdj",
					"pivot": [-2.54827, 3.53669, 12.90197],
					"rotation": [5.37379, -19.05471, -21.12905],
					"cubes": [
						{"origin": [-3.62964, 1.13314, 9.40197], "size": [1, 2, 7], "inflate": 0.05, "uv": [52, 14], "mirror": true}
					]
				},
				{
					"name": "sz18",
					"parent": "hdj",
					"pivot": [1.78357, 2.97424, 8.73685],
					"rotation": [6.78079, 41.4331, 23.86901],
					"cubes": [
						{"origin": [0.73475, 0.98314, 7.34813], "size": [1, 2, 2], "inflate": 0.05, "uv": [0, 32]}
					]
				},
				{
					"name": "sz22",
					"parent": "hdj",
					"pivot": [-1.78357, 2.97424, 8.73685],
					"rotation": [6.78079, -41.4331, -23.86901],
					"cubes": [
						{"origin": [-1.73475, 0.98314, 7.34813], "size": [1, 2, 2], "inflate": 0.05, "uv": [26, 25]}
					]
				},
				{
					"name": "sz16",
					"parent": "hdj",
					"pivot": [1.94371, 4.39086, 13.14549],
					"rotation": [-19.13272, 5.07855, -70.62994],
					"cubes": [
						{"origin": [1.44371, 3.89086, 9.14549], "size": [1, 2, 8], "inflate": 0.05, "uv": [10, 49]}
					]
				},
				{
					"name": "sz21",
					"parent": "hdj",
					"pivot": [-1.94371, 4.39086, 13.14549],
					"rotation": [-19.13272, -5.07855, 70.62994],
					"cubes": [
						{"origin": [-2.44371, 3.89086, 9.14549], "size": [1, 2, 8], "inflate": 0.05, "uv": [10, 49], "mirror": true}
					]
				},
				{
					"name": "sz5",
					"parent": "middle",
					"pivot": [2, 3.75, 15],
					"rotation": [-15, 0, -90],
					"cubes": [
						{"origin": [1, 2.75, 10], "size": [2, 2, 13], "inflate": 0.05, "uv": [0, 32]}
					]
				},
				{
					"name": "sz20",
					"parent": "middle",
					"pivot": [-2, 3.75, 15],
					"rotation": [-15, 0, 90],
					"cubes": [
						{"origin": [-3, 2.75, 10], "size": [2, 2, 13], "inflate": 0.05, "uv": [19, 19]}
					]
				},
				{
					"name": "sz6",
					"parent": "middle",
					"pivot": [-2, 3.75, 15],
					"rotation": [-15, 0, 90]
				},
				{
					"name": "left",
					"parent": "head",
					"pivot": [1.57424, 3, 14.98477],
					"rotation": [0, 12.49815, 0]
				},
				{
					"name": "handle",
					"parent": "all",
					"pivot": [0, 3, 9],
					"rotation": [10, 0, 0],
					"cubes": [
						{"origin": [-1, 2, 1], "size": [2, 2, 8], "uv": [39, 44]},
						{"origin": [-1.5, 1.5, 7], "size": [3, 3, 2], "uv": [0, 6]}
					]
				},
				{
					"name": "handle2",
					"parent": "all",
					"pivot": [0, 3, -1],
					"rotation": [-10, 0, 0],
					"cubes": [
						{"origin": [-1, 1.06063, -10.32744], "size": [2, 2, 12], "uv": [36, 18]}
					]
				},
				{
					"name": "handle3",
					"parent": "all",
					"pivot": [-0.56218, 3.39068, -16.15352],
					"rotation": [-2.39542, 0, 0],
					"cubes": [
						{"origin": [-1, 2.92814, -22.2343], "size": [2, 2, 12], "uv": [36, 0]}
					]
				},
				{
					"name": "handle4",
					"parent": "all",
					"pivot": [-0.56218, 3.39068, -16.15352],
					"rotation": [10.10458, 0, 0],
					"cubes": [
						{"origin": [-1, 3.25523, -22.19027], "size": [2, 1, 5], "uv": [0, 0]},
						{"origin": [-1.5, 3.00523, -19.19027], "size": [3, 3, 1], "uv": [18, 24]}
					]
				},
				{
					"name": "handle5",
					"parent": "all",
					"pivot": [0, 5.37907, -20.69937],
					"rotation": [70.10458, 0, 0],
					"cubes": [
						{"origin": [-0.5, 4.37907, -22.19937], "size": [1, 1, 3], "uv": [23, 9]}
					]
				}
			]
		}
	]
}