{
	"format_version": "1.12.0",
	"minecraft:geometry": [
		{
			"description": {
				"identifier": "geometry.model",
				"texture_width": 64,
				"texture_height": 64,
				"visible_bounds_width": 3,
				"visible_bounds_height": 2.5,
				"visible_bounds_offset": [0, 0.75, 0]
			},
			"bones": [
				{
					"name": "bone",
					"pivot": [0, 0, 0],
					"cubes": [
						{"origin": [-4, 0, -4], "size": [8, 8, 8], "uv": [0, 18]},
						{"origin": [-4.5, -0.5, -4.5], "size": [9, 9, 9], "uv": [0, 0]}
					]
				},
				{
					"name": "bone8",
					"parent": "bone",
					"pivot": [0, 4, 5],
					"rotation": [30, 0, 0],
					"cubes": [
						{"origin": [-4, 1.5, 4.5], "size": [8, 4, 1], "uv": [46, 14]}
					]
				},
				{
					"name": "bone9",
					"parent": "bone8",
					"pivot": [0, 0.4, 5.6],
					"rotation": [30, 0, 0],
					"cubes": [
						{"origin": [-4, -2.09737, 5.19737], "size": [8, 4, 1], "uv": [46, 19]}
					]
				},
				{
					"name": "bone1",
					"parent": "bone",
					"pivot": [3, 3, 1],
					"rotation": [0, 0, -15],
					"cubes": [
						{"origin": [3.1, -0.5, -2.3], "size": [2, 7, 6], "uv": [48, 0]}
					]
				},
				{
					"name": "bone2",
					"parent": "bone",
					"pivot": [-3, 3, 1],
					"rotation": [0, 0, 15],
					"cubes": [
						{"origin": [-5.1, -0.5, -2.3], "size": [2, 7, 6], "uv": [48, 0], "mirror": true}
					]
				},
				{
					"name": "bone3",
					"parent": "bone",
					"pivot": [0, 6, 0],
					"rotation": [-12.46106, 0.42172, -0.94053],
					"cubes": [
						{"origin": [-7, 5.5, -7], "size": [14, 1, 14], "uv": [0, 49]},
						{"origin": [-5, 6.5, -5], "size": [10, 3, 10], "uv": [8, 51]},
						{"origin": [-5.5, 6.5, -5.5], "size": [11, 1, 11], "uv": [0, 35]},
						{"origin": [-5.5, 5.1, -5.5], "size": [11, 1, 11], "inflate": -0.3, "uv": [0, 35]},
						{"origin": [4.5, 6.5, -0.5], "size": [2, 2, 1], "uv": [34, 0]}
					]
				},
				{
					"name": "bone10",
					"parent": "bone3",
					"pivot": [6.1, 7.5, 1.5],
					"rotation": [22.5, 22.5, 0],
					"cubes": [
						{"origin": [5.6, 6.5, -0.5], "size": [1, 2, 4], "uv": [28, 0]}
					]
				},
				{
					"name": "bone11",
					"parent": "bone3",
					"pivot": [6.1, 7.5, -1.5],
					"rotation": [-150.50577, 30.57329, -165.90816],
					"cubes": [
						{"origin": [5.6, 6.5, -3.5], "size": [1, 2, 4], "uv": [28, 0]}
					]
				},
				{
					"name": "bone4",
					"parent": "bone3",
					"pivot": [0, 9.4, 1.8],
					"rotation": [-47.5, 0, 0],
					"cubes": [
						{"origin": [-3.5, 4.9, -1.7], "size": [7, 7, 7], "uv": [36, 31]}
					]
				},
				{
					"name": "bone5",
					"parent": "bone4",
					"pivot": [0, 13, 3.8],
					"rotation": [-47.5, 0, 0],
					"cubes": [
						{"origin": [-2.5, 8.5, 1.3], "size": [5, 5, 5], "uv": [44, 50]}
					]
				},
				{
					"name": "bone6",
					"parent": "bone5",
					"pivot": [0, 14.29257, 4.49859],
					"rotation": [-40, 0, 0],
					"cubes": [
						{"origin": [-1.5, 11.79257, 2.99859], "size": [3, 4, 3], "uv": [0, 54]}
					]
				},
				{
					"name": "bone7",
					"parent": "bone6",
					"pivot": [0, 16.29257, 3.89859],
					"rotation": [42.5, 0, 0],
					"cubes": [
						{"origin": [-1, 14.49257, 2.89859], "size": [2, 3, 2], "uv": [2, 48]}
					]
				}
			]
		}
	]
}