{
	"format_version": "1.12.0",
	"minecraft:geometry": [
		{
			"description": {
				"identifier": "geometry.model",
				"texture_width": 128,
				"texture_height": 128,
				"visible_bounds_width": 3,
				"visible_bounds_height": 4,
				"visible_bounds_offset": [0, 1, 0]
			},
			"bones": [
				{
					"name": "head",
					"pivot": [0, 18, 0],
					"cubes": [
						{"origin": [-4, 18, -4], "size": [8, 8, 8], "uv": [0, 16]},
						{"origin": [-4, 18, -4], "size": [8, 8, 8], "inflate": 0.1, "uv": [0, 0]}
					]
				},
				{
					"name": "blink",
					"parent": "head",
					"pivot": [0, 0, 0],
					"cubes": [
						{"origin": [-4, 18, -4.001], "size": [8, 8, 0], "uv": [12, 41]}
					]
				},
				{
					"name": "hairLeft",
					"parent": "head",
					"pivot": [4, 21, -3],
					"cubes": [
						{"origin": [3.01519, 14.17101, -4.03015], "size": [1, 7, 1], "uv": [0, 32]}
					]
				},
				{
					"name": "hairRight",
					"parent": "head",
					"pivot": [-4, 21, -3],
					"cubes": [
						{"origin": [-4.01519, 14.17101, -4.03015], "size": [1, 7, 1], "pivot": [-2, 18, 0], "rotation": [0, 0, 0], "uv": [4, 32]}
					]
				},
				{
					"name": "headdressLeftTop2",
					"parent": "head",
					"pivot": [-1, 24.5, 4.5],
					"rotation": [-2.61298, 9.65594, 34.77926],
					"cubes": [
						{"origin": [-7, 21.5, 4], "size": [6, 5, 1], "uv": [44, 22]}
					]
				},
				{
					"name": "headdressRightTop",
					"parent": "head",
					"pivot": [1, 24.5, 4.5],
					"rotation": [-2.61298, -9.65594, -34.77926],
					"cubes": [
						{"origin": [1, 21.5, 4], "size": [6, 5, 1], "uv": [45, 0]}
					]
				},
				{
					"name": "headdressLeftBottom",
					"parent": "head",
					"pivot": [0, 24, 4.5],
					"rotation": [0, -5, 55],
					"cubes": [
						{"origin": [1, 23, 4], "size": [5, 4, 1], "uv": [56, 28]}
					]
				},
				{
					"name": "headdressRightBottom",
					"parent": "head",
					"pivot": [0, 24, 4.5],
					"rotation": [0, 5, -55],
					"cubes": [
						{"origin": [-6, 23, 4], "size": [5, 4, 1], "uv": [55, 6]}
					]
				},
				{
					"name": "headdressMiddle",
					"parent": "head",
					"pivot": [0, 25, 4.5],
					"cubes": [
						{"origin": [-2, 22.5, 3], "size": [4, 4, 3], "uv": [44, 8]}
					]
				},
				{
					"name": "hairBack",
					"parent": "head",
					"pivot": [0, 24, 6],
					"rotation": [20, 0, 0],
					"cubes": [
						{"origin": [-1, 16, 4], "size": [2, 8, 2], "uv": [46, 54]}
					]
				},
				{
					"name": "bone40",
					"parent": "head",
					"pivot": [0, 18.2, 3.8],
					"rotation": [15, 0, 0]
				},
				{
					"name": "hair1left",
					"parent": "bone40",
					"pivot": [0.8, 18.2, 3.8],
					"rotation": [0, 0, -3],
					"cubes": [
						{"origin": [-0.25, 7.95, 4.05], "size": [2, 10, 0], "uv": [0, 62]}
					]
				},
				{
					"name": "hair2left",
					"parent": "bone40",
					"pivot": [2.5, 18, 3.8],
					"rotation": [0, 0, -7.5],
					"cubes": [
						{"origin": [1.45, 8.75, 4.05], "size": [2, 10, 0], "uv": [61, 33]}
					]
				},
				{
					"name": "hair2left2",
					"parent": "bone40",
					"pivot": [4.5, 18, 2.8],
					"rotation": [-180, -72.5, 172.5],
					"cubes": [
						{"origin": [4.0037, 10.01105, 3.4089], "size": [2, 10, 0], "uv": [65, 33]}
					]
				},
				{
					"name": "hair1right",
					"parent": "bone40",
					"pivot": [-2.5, 18, 3.8],
					"rotation": [0, 0, 7.5],
					"cubes": [
						{"origin": [-3.45, 8.75, 4.05], "size": [2, 10, 0], "uv": [61, 43]}
					]
				},
				{
					"name": "hair2right",
					"parent": "bone40",
					"pivot": [-0.8, 18.2, 3.8],
					"rotation": [0, 0, 3],
					"cubes": [
						{"origin": [-1.75, 7.95, 4.05], "size": [2, 10, 0], "uv": [39, 57]}
					]
				},
				{
					"name": "hair2right2",
					"parent": "bone40",
					"pivot": [-5.8, 18.2, 3.8],
					"rotation": [0, -90, -172],
					"cubes": [
						{"origin": [-9.049, 42.0971, 6.13921], "size": [2, 10, 0], "pivot": [-7.299, 34.1471, 2.08921], "rotation": [0, 0, -180], "uv": [69, 33]}
					]
				},
				{
					"name": "armRight",
					"pivot": [-3, 17.5, 0],
					"rotation": [0, 0, 25],
					"cubes": [
						{"origin": [-5, 9.5, -1], "size": [2, 8, 2], "uv": [21, 53]}
					]
				},
				{
					"name": "bone3",
					"parent": "armRight",
					"pivot": [0, 0, 0],
					"cubes": [
						{"origin": [-5, 14, -1], "size": [2, 2, 2], "inflate": 0.2, "uv": [36, 34]}
					]
				},
				{
					"name": "bone2",
					"parent": "bone3",
					"pivot": [-5, 14.7, -1.2],
					"rotation": [-19, 0, 0],
					"cubes": [
						{"origin": [-5.5, 10.91706, -1.44977], "size": [3, 4, 3], "inflate": -0.25, "uv": [50, 15]}
					]
				},
				{
					"name": "bone4",
					"parent": "bone3",
					"pivot": [-5, 14.7, 1.2],
					"rotation": [19, 0, 0],
					"cubes": [
						{"origin": [-5.5, 10.91706, -1.55023], "size": [3, 4, 3], "inflate": -0.25, "uv": [9, 49]}
					]
				},
				{
					"name": "decorationLeft",
					"parent": "bone3",
					"pivot": [-7.3, 15, 0],
					"rotation": [0, -90, 0]
				},
				{
					"name": "bone24",
					"parent": "decorationLeft",
					"pivot": [0.7, 16, -2],
					"rotation": [0, 0, -10],
					"cubes": [
						{"origin": [-8.3209, 16.95663, -2.2], "size": [1, 1, 1], "uv": [18, 34]},
						{"origin": [-7.3209, 15.95663, -1.7], "size": [1, 1, 0], "uv": [6, 7]}
					]
				},
				{
					"name": "bone25",
					"parent": "decorationLeft",
					"pivot": [0.7, 16, -2],
					"rotation": [0, 0, 10],
					"cubes": [
						{"origin": [-7.16437, 14.15563, -2.2], "size": [1, 1, 1], "uv": [22, 32]},
						{"origin": [-8.16437, 13.15563, -1.7], "size": [1, 1, 0], "uv": [6, 6]}
					]
				},
				{
					"name": "armLeft",
					"pivot": [3, 17.5, 0],
					"rotation": [0, 0, -25],
					"cubes": [
						{"origin": [3, 9.5, -1], "size": [2, 8, 2], "uv": [0, 52]}
					]
				},
				{
					"name": "bone6",
					"parent": "armLeft",
					"pivot": [0, 0, 0]
				},
				{
					"name": "bone7",
					"parent": "bone6",
					"pivot": [5, 14.7, -1.2],
					"rotation": [-19, 0, 0],
					"cubes": [
						{"origin": [2.5, 10.91706, -1.44977], "size": [3, 4, 3], "inflate": -0.25, "uv": [48, 47]}
					]
				},
				{
					"name": "bone8",
					"parent": "armLeft",
					"pivot": [0, 0, 0]
				},
				{
					"name": "bone9",
					"parent": "bone8",
					"pivot": [5, 14.7, 1.2],
					"rotation": [19, 0, 0],
					"cubes": [
						{"origin": [2.5, 10.91706, -1.55023], "size": [3, 4, 3], "inflate": -0.25, "uv": [47, 31]}
					]
				},
				{
					"name": "bone10",
					"parent": "armLeft",
					"pivot": [0, 0, 0],
					"cubes": [
						{"origin": [3, 14, -1], "size": [2, 2, 2], "inflate": 0.2, "uv": [32, 22]}
					]
				},
				{
					"name": "decorationRight",
					"parent": "armLeft",
					"pivot": [0, 0, 0]
				},
				{
					"name": "decoration2",
					"parent": "decorationRight",
					"pivot": [7.3, 15, 0],
					"rotation": [0, 90, 0]
				},
				{
					"name": "bone14",
					"parent": "decoration2",
					"pivot": [-0.7, 16, -2],
					"rotation": [0, 0, 10],
					"cubes": [
						{"origin": [6.3209, 15.95663, -1.7], "size": [1, 1, 0], "uv": [6, 5]}
					]
				},
				{
					"name": "bone12",
					"parent": "decoration2",
					"pivot": [-0.7, 16, -2],
					"rotation": [0, 0, 10],
					"cubes": [
						{"origin": [7.3209, 16.95663, -2.2], "size": [1, 1, 1], "uv": [18, 32]}
					]
				},
				{
					"name": "decoration4",
					"parent": "decorationRight",
					"pivot": [7.3, 15, 0],
					"rotation": [0, 90, 0]
				},
				{
					"name": "bone16",
					"parent": "decoration4",
					"pivot": [-0.7, 16, -2],
					"rotation": [0, 0, -10],
					"cubes": [
						{"origin": [6.16437, 14.15563, -2.2], "size": [1, 1, 1], "uv": [27, 5]}
					]
				},
				{
					"name": "decoration5",
					"parent": "decorationRight",
					"pivot": [7.3, 15, 0],
					"rotation": [0, 90, 0]
				},
				{
					"name": "bone18",
					"parent": "decoration5",
					"pivot": [-0.7, 16, -2],
					"rotation": [0, 0, -10],
					"cubes": [
						{"origin": [7.16437, 13.15563, -1.7], "size": [1, 1, 0], "uv": [6, 4]}
					]
				},
				{
					"name": "body",
					"pivot": [0, 10.5, 0],
					"cubes": [
						{"origin": [-3, 12, -3], "size": [6, 6, 6], "uv": [26, 10]}
					]
				},
				{
					"name": "bone167",
					"parent": "body",
					"pivot": [0, 18, -4]
				},
				{
					"name": "bone169",
					"parent": "bone167",
					"pivot": [0, 17.6, -3],
					"rotation": [0, 0, 20],
					"cubes": [
						{"origin": [-3, 16.6, -3.25], "size": [3, 1, 1], "uv": [32, 8]}
					]
				},
				{
					"name": "bone5",
					"parent": "bone167",
					"pivot": [0, 17.6, -3],
					"rotation": [0, 0, -20],
					"cubes": [
						{"origin": [0, 16.6, -3.25], "size": [3, 1, 1], "uv": [24, 22]}
					]
				},
				{
					"name": "bone164",
					"parent": "bone167",
					"pivot": [0, 16.65, -2.5],
					"cubes": [
						{"origin": [-0.5, 16.6, -3.51], "size": [1, 1, 1], "uv": [18, 36]}
					]
				},
				{
					"name": "TieCenter",
					"parent": "bone164",
					"pivot": [0, 16.65, -3],
					"rotation": [-5, 0, 0],
					"cubes": [
						{"origin": [-0.5, 15.65, -3], "size": [1, 1, 0], "uv": [6, 16]}
					]
				},
				{
					"name": "TieLeft",
					"parent": "TieCenter",
					"pivot": [0, 16.95, -2],
					"rotation": [0, 0, 20],
					"cubes": [
						{"origin": [-0.5, 14.85, -3], "size": [1, 2, 0], "uv": [6, 2]}
					]
				},
				{
					"name": "TieLeft2",
					"parent": "TieCenter",
					"pivot": [0, 16.95, -2],
					"rotation": [0, 0, -20],
					"cubes": [
						{"origin": [-0.5, 14.85, -3], "size": [1, 2, 0], "uv": [6, 0]}
					]
				},
				{
					"name": "bone166",
					"parent": "body",
					"pivot": [0, 15.5, -4],
					"cubes": [
						{"origin": [-3, 8.75, -3], "size": [6, 2, 6], "uv": [26, 26]}
					]
				},
				{
					"name": "sittingRotationSkirt",
					"parent": "body",
					"pivot": [0, 12, 0],
					"cubes": [
						{"origin": [-3.5, 11, -3.5], "size": [7, 1, 7], "uv": [24, 0]},
						{"origin": [-3.25, 12, -3.25], "size": [6.5, 1, 6.5], "uv": [18, 34]}
					]
				},
				{
					"name": "bone",
					"parent": "sittingRotationSkirt",
					"pivot": [0, 6, 0]
				},
				{
					"name": "bone146",
					"parent": "bone",
					"pivot": [0, 6, 0]
				},
				{
					"name": "bone147",
					"parent": "bone146",
					"pivot": [0, 6, 4.47051],
					"rotation": [10, 0, 0],
					"cubes": [
						{"origin": [-2.5, 3.65782, 4.47051], "size": [5, 8, 0], "uv": [29, 57]}
					]
				},
				{
					"name": "bone148",
					"parent": "bone147",
					"pivot": [-2.5, 5.65782, 4.47051],
					"rotation": [0, 0, 9.85108],
					"cubes": [
						{"origin": [-4.5, 3.65782, 4.46951], "size": [3, 8, 0], "uv": [4, 64]}
					]
				},
				{
					"name": "bone149",
					"parent": "bone147",
					"pivot": [2.5, 5.65782, 4.47051],
					"rotation": [0, 0, -9.85108],
					"cubes": [
						{"origin": [1.5, 3.65782, 4.47151], "size": [3, 8, 0], "uv": [18, 63]}
					]
				},
				{
					"name": "bone150",
					"parent": "bone",
					"pivot": [0, 6, 0],
					"rotation": [0, -90, 0]
				},
				{
					"name": "bone151",
					"parent": "bone150",
					"pivot": [0, 6, 4.47051],
					"rotation": [10, 0, 0],
					"cubes": [
						{"origin": [-2.5, 3.65782, 4.47051], "size": [5, 8, 0], "uv": [8, 56]}
					]
				},
				{
					"name": "bone152",
					"parent": "bone151",
					"pivot": [-2.5, 5.65782, 4.47051],
					"rotation": [0, 0, 9.85108],
					"cubes": [
						{"origin": [-4.5, 3.65782, 4.46951], "size": [3, 8, 0], "uv": [60, 62]}
					]
				},
				{
					"name": "bone153",
					"parent": "bone151",
					"pivot": [2.5, 5.65782, 4.47051],
					"rotation": [0, 0, -9.85108],
					"cubes": [
						{"origin": [1.5, 3.65782, 4.47151], "size": [3, 8, 0], "uv": [54, 62]}
					]
				},
				{
					"name": "bone154",
					"parent": "bone",
					"pivot": [0, 6, 0],
					"rotation": [0, -180, 0]
				},
				{
					"name": "bone155",
					"parent": "bone154",
					"pivot": [0, 6, 4.47051],
					"rotation": [10, 0, 0],
					"cubes": [
						{"origin": [-2.5, 3.65782, 4.47051], "size": [5, 8, 0], "uv": [54, 54]}
					]
				},
				{
					"name": "bone156",
					"parent": "bone155",
					"pivot": [-2.5, 5.65782, 4.47051],
					"rotation": [0, 0, 9.85108],
					"cubes": [
						{"origin": [-4.5, 3.65782, 4.46951], "size": [3, 8, 0], "uv": [62, 19]}
					]
				},
				{
					"name": "bone157",
					"parent": "bone155",
					"pivot": [2.5, 5.65782, 4.47051],
					"rotation": [0, 0, -9.85108],
					"cubes": [
						{"origin": [1.5, 3.65782, 4.47151], "size": [3, 8, 0], "uv": [62, 11]}
					]
				},
				{
					"name": "bone158",
					"parent": "bone",
					"pivot": [0, 6, 0],
					"rotation": [0, -270, 0]
				},
				{
					"name": "bone159",
					"parent": "bone158",
					"pivot": [0, 6, 4.47051],
					"rotation": [10, 0, 0],
					"cubes": [
						{"origin": [-2.5, 3.65782, 4.47051], "size": [5, 8, 0], "uv": [51, 38]}
					]
				},
				{
					"name": "bone160",
					"parent": "bone159",
					"pivot": [-2.5, 5.65782, 4.47051],
					"rotation": [0, 0, 9.85108],
					"cubes": [
						{"origin": [-4.5, 3.65782, 4.46951], "size": [3, 8, 0], "uv": [0, 16]}
					]
				},
				{
					"name": "bone161",
					"parent": "bone159",
					"pivot": [2.5, 5.65782, 4.47051],
					"rotation": [0, 0, -9.85108],
					"cubes": [
						{"origin": [1.5, 3.65782, 4.47151], "size": [3, 8, 0], "uv": [0, 0]}
					]
				},
				{
					"name": "legLeft",
					"pivot": [2, 9, 0],
					"cubes": [
						{"origin": [0.5, 0, -1.5], "size": [3, 9, 3], "uv": [39, 38]},
						{"origin": [0.5, 5, -1.5], "size": [3, 4, 3], "inflate": 0.2, "uv": [25, 46]}
					]
				},
				{
					"name": "legRight",
					"pivot": [-2, 9, 0],
					"cubes": [
						{"origin": [-3.5, 0, -1.5], "size": [3, 9, 3], "uv": [0, 40]},
						{"origin": [-3.5, 5, -1.5], "size": [3, 4, 3], "inflate": 0.2, "uv": [34, 50]}
					]
				}
			]
		}
	]
}