{
  "credit": "Made with Blockbench",
  "texture_size": [
    128,
    128
  ],
  "textures": {
    "0": "touhou_little_maid:block/maid_bed",
    "particle": "touhou_little_maid:block/maid_bed"
  },
  "elements": [
    {
      "from": [
        1,
        3,
        1.5
      ],
      "to": [
        15,
        8,
        30.5
      ],
      "rotation": {
        "angle": 0,
        "axis": "y",
        "origin": [
          8,
          8,
          24.5
        ]
      },
      "faces": {
        "north": {
          "uv": [
            10.875,
            15.125,
            9.125,
            15.75
          ],
          "texture": "#0"
        },
        "east": {
          "uv": [
            3.75,
            15.125,
            0.125,
            15.75
          ],
          "texture": "#0"
        },
        "south": {
          "uv": [
            5.5,
            15.125,
            3.75,
            15.75
          ],
          "texture": "#0"
        },
        "west": {
          "uv": [
            9.125,
            15.125,
            5.5,
            15.75
          ],
          "texture": "#0"
        },
        "up": {
          "uv": [
            5.5,
            11.5,
            3.75,
            15.125
          ],
          "texture": "#0"
        },
        "down": {
          "uv": [
            7.25,
            15.125,
            5.5,
            11.5
          ],
          "texture": "#0"
        }
      }
    },
    {
      "from": [
        1.5,
        3,
        0.5
      ],
      "to": [
        14.5,
        15,
        1.5
      ],
      "rotation": {
        "angle": 0,
        "axis": "y",
        "origin": [
          9.5,
          8,
          7.5
        ]
      },
      "faces": {
        "north": {
          "uv": [
            3.75,
            0.375,
            2.125,
            1.875
          ],
          "texture": "#0"
        },
        "east": {
          "uv": [
            0.375,
            0.375,
            0.25,
            1.875
          ],
          "texture": "#0"
        },
        "south": {
          "uv": [
            2,
            0.375,
            0.375,
            1.875
          ],
          "texture": "#0"
        },
        "west": {
          "uv": [
            2.125,
            0.375,
            2,
            1.875
          ],
          "texture": "#0"
        },
        "up": {
          "uv": [
            2,
            0.25,
            0.375,
            0.375
          ],
          "texture": "#0"
        },
        "down": {
          "uv": [
            3.625,
            0.375,
            2,
            0.25
          ],
          "texture": "#0"
        }
      }
    },
    {
      "from": [
        1.5,
        3,
        30.5
      ],
      "to": [
        14.5,
        9,
        31.5
      ],
      "rotation": {
        "angle": 0,
        "axis": "y",
        "origin": [
          9.5,
          2,
          37.5
        ]
      },
      "faces": {
        "north": {
          "uv": [
            3.75,
            0.375,
            2.125,
            1.125
          ],
          "texture": "#0"
        },
        "east": {
          "uv": [
            0.375,
            0.375,
            0.25,
            1.125
          ],
          "texture": "#0"
        },
        "south": {
          "uv": [
            2,
            0.375,
            0.375,
            1.125
          ],
          "texture": "#0"
        },
        "west": {
          "uv": [
            2.125,
            0.375,
            2,
            1.125
          ],
          "texture": "#0"
        },
        "up": {
          "uv": [
            2,
            0.25,
            0.375,
            0.375
          ],
          "texture": "#0"
        },
        "down": {
          "uv": [
            3.625,
            0.375,
            2,
            0.25
          ],
          "texture": "#0"
        }
      }
    },
    {
      "from": [
        15,
        3,
        2
      ],
      "to": [
        16,
        9,
        16
      ],
      "rotation": {
        "angle": 0,
        "axis": "y",
        "origin": [
          9,
          2,
          9
        ]
      },
      "faces": {
        "north": {
          "uv": [
            4,
            2,
            3.875,
            2.75
          ],
          "texture": "#0"
        },
        "east": {
          "uv": [
            2,
            2,
            0.25,
            2.75
          ],
          "texture": "#0"
        },
        "south": {
          "uv": [
            2.125,
            2,
            2,
            2.75
          ],
          "texture": "#0"
        },
        "west": {
          "uv": [
            3.875,
            2,
            2.125,
            2.75
          ],
          "texture": "#0"
        },
        "up": {
          "uv": [
            2.125,
            0.25,
            2,
            2
          ],
          "texture": "#0"
        },
        "down": {
          "uv": [
            2.25,
            2,
            2.125,
            0.25
          ],
          "texture": "#0"
        }
      }
    },
    {
      "from": [
        15,
        3,
        28
      ],
      "to": [
        16,
        9,
        30
      ],
      "rotation": {
        "angle": 0,
        "axis": "y",
        "origin": [
          9,
          2,
          9
        ]
      },
      "faces": {
        "north": {
          "uv": [
            1,
            0.5,
            0.875,
            1.25
          ],
          "texture": "#0"
        },
        "east": {
          "uv": [
            0.5,
            0.5,
            0.25,
            1.25
          ],
          "texture": "#0"
        },
        "south": {
          "uv": [
            0.625,
            0.5,
            0.5,
            1.25
          ],
          "texture": "#0"
        },
        "west": {
          "uv": [
            0.875,
            0.5,
            0.625,
            1.25
          ],
          "texture": "#0"
        },
        "up": {
          "uv": [
            0.625,
            0.25,
            0.5,
            0.5
          ],
          "texture": "#0"
        },
        "down": {
          "uv": [
            0.75,
            0.5,
            0.625,
            0.25
          ],
          "texture": "#0"
        }
      }
    },
    {
      "from": [
        14.5,
        9,
        2
      ],
      "to": [
        16.5,
        10,
        16
      ],
      "rotation": {
        "angle": 0,
        "axis": "y",
        "origin": [
          9,
          2,
          9
        ]
      },
      "faces": {
        "north": {
          "uv": [
            12.75,
            7,
            12.5,
            7.125
          ],
          "texture": "#0"
        },
        "east": {
          "uv": [
            10.5,
            7,
            8.75,
            7.125
          ],
          "texture": "#0"
        },
        "south": {
          "uv": [
            10.75,
            7,
            10.5,
            7.125
          ],
          "texture": "#0"
        },
        "west": {
          "uv": [
            12.5,
            7,
            10.75,
            7.125
          ],
          "texture": "#0"
        },
        "up": {
          "uv": [
            10.75,
            5.25,
            10.5,
            7
          ],
          "texture": "#0"
        },
        "down": {
          "uv": [
            11,
            7,
            10.75,
            5.25
          ],
          "texture": "#0"
        }
      }
    },
    {
      "from": [
        14.5,
        9,
        28
      ],
      "to": [
        16.5,
        10,
        30
      ],
      "rotation": {
        "angle": 0,
        "axis": "y",
        "origin": [
          9,
          2,
          9
        ]
      },
      "faces": {
        "north": {
          "uv": [
            9.75,
            5.5,
            9.5,
            5.625
          ],
          "texture": "#0"
        },
        "east": {
          "uv": [
            9,
            5.5,
            8.75,
            5.625
          ],
          "texture": "#0"
        },
        "south": {
          "uv": [
            9.25,
            5.5,
            9,
            5.625
          ],
          "texture": "#0"
        },
        "west": {
          "uv": [
            9.5,
            5.5,
            9.25,
            5.625
          ],
          "texture": "#0"
        },
        "up": {
          "uv": [
            9.25,
            5.25,
            9,
            5.5
          ],
          "texture": "#0"
        },
        "down": {
          "uv": [
            9.5,
            5.5,
            9.25,
            5.25
          ],
          "texture": "#0"
        }
      }
    },
    {
      "from": [
        -0.5,
        9,
        2
      ],
      "to": [
        1.5,
        10,
        30
      ],
      "shade": false,
      "rotation": {
        "angle": 0,
        "axis": "y",
        "origin": [
          7,
          2,
          9
        ]
      },
      "faces": {
        "north": {
          "uv": [
            16,
            8.75,
            16.25,
            8.875
          ],
          "texture": "#0"
        },
        "east": {
          "uv": [
            12.5,
            8.75,
            16,
            8.875
          ],
          "texture": "#0"
        },
        "south": {
          "uv": [
            12.25,
            8.75,
            12.5,
            8.875
          ],
          "texture": "#0"
        },
        "west": {
          "uv": [
            8.75,
            8.75,
            12.25,
            8.875
          ],
          "texture": "#0"
        },
        "up": {
          "uv": [
            12.25,
            5.25,
            12.5,
            8.75
          ],
          "texture": "#0"
        },
        "down": {
          "uv": [
            12.5,
            8.75,
            12.75,
            5.25
          ],
          "texture": "#0"
        }
      }
    },
    {
      "from": [
        0,
        3,
        2
      ],
      "to": [
        1,
        9,
        30
      ],
      "shade": false,
      "rotation": {
        "angle": 0,
        "axis": "y",
        "origin": [
          7,
          2,
          9
        ]
      },
      "faces": {
        "north": {
          "uv": [
            7.375,
            3.75,
            7.5,
            4.5
          ],
          "texture": "#0"
        },
        "east": {
          "uv": [
            3.875,
            3.75,
            7.375,
            4.5
          ],
          "texture": "#0"
        },
        "south": {
          "uv": [
            3.75,
            3.75,
            3.875,
            4.5
          ],
          "texture": "#0"
        },
        "west": {
          "uv": [
            0.25,
            3.75,
            3.75,
            4.5
          ],
          "texture": "#0"
        },
        "up": {
          "uv": [
            3.75,
            0.25,
            3.875,
            3.75
          ],
          "texture": "#0"
        },
        "down": {
          "uv": [
            3.875,
            3.75,
            4,
            0.25
          ],
          "texture": "#0"
        }
      }
    },
    {
      "from": [
        14.5,
        0,
        30
      ],
      "to": [
        16.5,
        11,
        32
      ],
      "rotation": {
        "angle": 0,
        "axis": "y",
        "origin": [
          9.5,
          8,
          24
        ]
      },
      "faces": {
        "north": {
          "uv": [
            15.625,
            10.875,
            15.375,
            12.25
          ],
          "texture": "#0"
        },
        "east": {
          "uv": [
            14.875,
            10.875,
            14.625,
            12.25
          ],
          "texture": "#0"
        },
        "south": {
          "uv": [
            15.125,
            10.875,
            14.875,
            12.25
          ],
          "texture": "#0"
        },
        "west": {
          "uv": [
            15.375,
            10.875,
            15.125,
            12.25
          ],
          "texture": "#0"
        },
        "up": {
          "uv": [
            15.125,
            10.625,
            14.875,
            10.875
          ],
          "texture": "#0"
        },
        "down": {
          "uv": [
            15.375,
            10.875,
            15.125,
            10.625
          ],
          "texture": "#0"
        }
      }
    },
    {
      "from": [
        1.5,
        9,
        30
      ],
      "to": [
        14.5,
        10,
        32
      ],
      "rotation": {
        "angle": 0,
        "axis": "y",
        "origin": [
          9.5,
          3,
          37
        ]
      },
      "faces": {
        "north": {
          "uv": [
            12.5,
            5.5,
            10.875,
            5.625
          ],
          "texture": "#0"
        },
        "east": {
          "uv": [
            9,
            5.5,
            8.75,
            5.625
          ],
          "texture": "#0"
        },
        "south": {
          "uv": [
            10.625,
            5.5,
            9,
            5.625
          ],
          "texture": "#0"
        },
        "west": {
          "uv": [
            10.875,
            5.5,
            10.625,
            5.625
          ],
          "texture": "#0"
        },
        "up": {
          "uv": [
            10.625,
            5.25,
            9,
            5.5
          ],
          "texture": "#0"
        },
        "down": {
          "uv": [
            12.25,
            5.5,
            10.625,
            5.25
          ],
          "texture": "#0"
        }
      }
    },
    {
      "from": [
        -0.5,
        0,
        30
      ],
      "to": [
        1.5,
        11,
        32
      ],
      "shade": false,
      "rotation": {
        "angle": 0,
        "axis": "y",
        "origin": [
          6.5,
          8,
          24
        ]
      },
      "faces": {
        "north": {
          "uv": [
            15.375,
            10.875,
            15.625,
            12.25
          ],
          "texture": "#0"
        },
        "east": {
          "uv": [
            15.125,
            10.875,
            15.375,
            12.25
          ],
          "texture": "#0"
        },
        "south": {
          "uv": [
            14.875,
            10.875,
            15.125,
            12.25
          ],
          "texture": "#0"
        },
        "west": {
          "uv": [
            14.625,
            10.875,
            14.875,
            12.25
          ],
          "texture": "#0"
        },
        "up": {
          "uv": [
            14.875,
            10.625,
            15.125,
            10.875
          ],
          "texture": "#0"
        },
        "down": {
          "uv": [
            15.125,
            10.875,
            15.375,
            10.625
          ],
          "texture": "#0"
        }
      }
    },
    {
      "from": [
        14.5,
        0,
        0
      ],
      "to": [
        16.5,
        17,
        2
      ],
      "rotation": {
        "angle": 0,
        "axis": "y",
        "origin": [
          9.5,
          8,
          8
        ]
      },
      "faces": {
        "north": {
          "uv": [
            15.625,
            10.875,
            15.375,
            13
          ],
          "texture": "#0"
        },
        "east": {
          "uv": [
            14.875,
            10.875,
            14.625,
            13
          ],
          "texture": "#0"
        },
        "south": {
          "uv": [
            15.125,
            10.875,
            14.875,
            13
          ],
          "texture": "#0"
        },
        "west": {
          "uv": [
            15.375,
            10.875,
            15.125,
            13
          ],
          "texture": "#0"
        },
        "up": {
          "uv": [
            15.125,
            10.625,
            14.875,
            10.875
          ],
          "texture": "#0"
        },
        "down": {
          "uv": [
            15.375,
            10.875,
            15.125,
            10.625
          ],
          "texture": "#0"
        }
      }
    },
    {
      "from": [
        1.5,
        15,
        0
      ],
      "to": [
        14.5,
        16,
        2
      ],
      "rotation": {
        "angle": 0,
        "axis": "y",
        "origin": [
          9.5,
          9,
          7
        ]
      },
      "faces": {
        "north": {
          "uv": [
            12.5,
            5.5,
            10.875,
            5.625
          ],
          "texture": "#0"
        },
        "east": {
          "uv": [
            9,
            5.5,
            8.75,
            5.625
          ],
          "texture": "#0"
        },
        "south": {
          "uv": [
            10.625,
            5.5,
            9,
            5.625
          ],
          "texture": "#0"
        },
        "west": {
          "uv": [
            10.875,
            5.5,
            10.625,
            5.625
          ],
          "texture": "#0"
        },
        "up": {
          "uv": [
            10.625,
            5.25,
            9,
            5.5
          ],
          "texture": "#0"
        },
        "down": {
          "uv": [
            12.25,
            5.5,
            10.625,
            5.25
          ],
          "texture": "#0"
        }
      }
    },
    {
      "from": [
        -0.5,
        0,
        0
      ],
      "to": [
        1.5,
        17,
        2
      ],
      "shade": false,
      "rotation": {
        "angle": 0,
        "axis": "y",
        "origin": [
          6.5,
          8,
          8
        ]
      },
      "faces": {
        "north": {
          "uv": [
            15.375,
            10.875,
            15.625,
            13
          ],
          "texture": "#0"
        },
        "east": {
          "uv": [
            15.125,
            10.875,
            15.375,
            13
          ],
          "texture": "#0"
        },
        "south": {
          "uv": [
            14.875,
            10.875,
            15.125,
            13
          ],
          "texture": "#0"
        },
        "west": {
          "uv": [
            14.625,
            10.875,
            14.875,
            13
          ],
          "texture": "#0"
        },
        "up": {
          "uv": [
            14.875,
            10.625,
            15.125,
            10.875
          ],
          "texture": "#0"
        },
        "down": {
          "uv": [
            15.125,
            10.875,
            15.375,
            10.625
          ],
          "texture": "#0"
        }
      }
    }
  ],
  "groups": [
    {
      "name": "group",
      "origin": [
        8,
        8,
        8
      ],
      "color": 0,
      "children": [
        0,
        1,
        2,
        {
          "name": "group",
          "origin": [
            9,
            3,
            -5
          ],
          "color": 0,
          "children": [
            3,
            4,
            5,
            6,
            7,
            8
          ]
        },
        {
          "name": "group",
          "origin": [
            7,
            8,
            24
          ],
          "color": 0,
          "children": [
            9,
            10,
            11,
            12,
            13,
            14
          ]
        }
      ]
    }
  ]
}