{
  "credit": "Made with Blockbench",
  "texture_size": [
    128,
    128
  ],
  "textures": {
    "0": "touhou_little_maid:block/maid_bed",
    "particle": "touhou_little_maid:block/maid_bed"
  },
  "elements": [
    {
      "from": [
        2.5,
        8,
        -13.5
      ],
      "to": [
        13.5,
        10,
        -8.5
      ],
      "rotation": {
        "angle": 0,
        "axis": "y",
        "origin": [
          8,
          9,
          -11
        ]
      },
      "faces": {
        "north": {
          "uv": [
            15.625,
            0.75,
            14.25,
            1
          ],
          "texture": "#0"
        },
        "east": {
          "uv": [
            12.25,
            0.75,
            11.625,
            1
          ],
          "texture": "#0"
        },
        "south": {
          "uv": [
            13.625,
            0.75,
            12.25,
            1
          ],
          "texture": "#0"
        },
        "west": {
          "uv": [
            14.25,
            0.75,
            13.625,
            1
          ],
          "texture": "#0"
        },
        "up": {
          "uv": [
            13.625,
            0.125,
            12.25,
            0.75
          ],
          "texture": "#0"
        },
        "down": {
          "uv": [
            15,
            0.75,
            13.625,
            0.125
          ],
          "texture": "#0"
        }
      }
    },
    {
      "from": [
        2,
        8,
        -6.5
      ],
      "to": [
        14,
        12,
        13.5
      ],
      "rotation": {
        "angle": 0,
        "axis": "y",
        "origin": [
          8,
          10.5,
          9.5
        ]
      },
      "faces": {
        "north": {
          "uv": [
            8,
            10.625,
            6.5,
            11.125
          ],
          "texture": "#0"
        },
        "east": {
          "uv": [
            2.5,
            10.625,
            0,
            11.125
          ],
          "texture": "#0"
        },
        "south": {
          "uv": [
            4,
            10.625,
            2.5,
            11.125
          ],
          "texture": "#0"
        },
        "west": {
          "uv": [
            6.5,
            10.625,
            4,
            11.125
          ],
          "texture": "#0"
        },
        "up": {
          "uv": [
            4,
            8.125,
            2.5,
            10.625
          ],
          "texture": "#0"
        },
        "down": {
          "uv": [
            5.5,
            10.625,
            4,
            8.125
          ],
          "texture": "#0"
        }
      }
    },
    {
      "from": [
        3,
        8,
        -7
      ],
      "to": [
        13,
        11,
        -6
      ],
      "rotation": {
        "angle": 0,
        "axis": "y",
        "origin": [
          8,
          10.5,
          10
        ]
      },
      "faces": {
        "north": {
          "uv": [
            15.75,
            15.25,
            14.5,
            15.625
          ],
          "texture": "#0"
        },
        "east": {
          "uv": [
            13.125,
            15.25,
            13,
            15.625
          ],
          "texture": "#0"
        },
        "south": {
          "uv": [
            14.375,
            15.25,
            13.125,
            15.625
          ],
          "texture": "#0"
        },
        "west": {
          "uv": [
            14.5,
            15.25,
            14.375,
            15.625
          ],
          "texture": "#0"
        },
        "up": {
          "uv": [
            14.375,
            15.125,
            13.125,
            15.25
          ],
          "texture": "#0"
        },
        "down": {
          "uv": [
            15.625,
            15.25,
            14.375,
            15.125
          ],
          "texture": "#0"
        }
      }
    },
    {
      "from": [
        14,
        0,
        1.5
      ],
      "to": [
        19,
        1,
        5.5
      ],
      "rotation": {
        "angle": 0,
        "axis": "y",
        "origin": [
          6,
          2.5,
          10.5
        ]
      },
      "faces": {
        "north": {
          "uv": [
            2.25,
            13.875,
            1.625,
            14
          ],
          "texture": "#0"
        },
        "east": {
          "uv": [
            0.5,
            13.875,
            0,
            14
          ],
          "texture": "#0"
        },
        "south": {
          "uv": [
            1.125,
            13.875,
            0.5,
            14
          ],
          "texture": "#0"
        },
        "west": {
          "uv": [
            1.625,
            13.875,
            1.125,
            14
          ],
          "texture": "#0"
        },
        "up": {
          "uv": [
            1.125,
            13.375,
            0.5,
            13.875
          ],
          "texture": "#0"
        },
        "down": {
          "uv": [
            1.75,
            13.875,
            1.125,
            13.375
          ],
          "texture": "#0"
        }
      }
    },
    {
      "from": [
        17.25,
        0.9,
        1.7
      ],
      "to": [
        18.85,
        2.5,
        5.3
      ],
      "rotation": {
        "angle": 0,
        "axis": "y",
        "origin": [
          6.05,
          2.2,
          10.5
        ]
      },
      "faces": {
        "north": {
          "uv": [
            1.5,
            13.875,
            1.25,
            14.125
          ],
          "texture": "#0"
        },
        "east": {
          "uv": [
            0.5,
            13.875,
            0,
            14.125
          ],
          "texture": "#0"
        },
        "south": {
          "uv": [
            0.75,
            13.875,
            0.5,
            14.125
          ],
          "texture": "#0"
        },
        "west": {
          "uv": [
            1.25,
            13.875,
            0.75,
            14.125
          ],
          "texture": "#0"
        },
        "up": {
          "uv": [
            0.75,
            13.375,
            0.5,
            13.875
          ],
          "texture": "#0"
        },
        "down": {
          "uv": [
            1,
            13.875,
            0.75,
            13.375
          ],
          "texture": "#0"
        }
      }
    },
    {
      "from": [
        17.25,
        0.9,
        6.7
      ],
      "to": [
        18.85,
        2.5,
        10.3
      ],
      "rotation": {
        "angle": 0,
        "axis": "y",
        "origin": [
          6.05,
          2.2,
          15.5
        ]
      },
      "faces": {
        "north": {
          "uv": [
            1.5,
            13.875,
            1.25,
            14.125
          ],
          "texture": "#0"
        },
        "east": {
          "uv": [
            0.5,
            13.875,
            0,
            14.125
          ],
          "texture": "#0"
        },
        "south": {
          "uv": [
            0.75,
            13.875,
            0.5,
            14.125
          ],
          "texture": "#0"
        },
        "west": {
          "uv": [
            1.25,
            13.875,
            0.75,
            14.125
          ],
          "texture": "#0"
        },
        "up": {
          "uv": [
            0.75,
            13.375,
            0.5,
            13.875
          ],
          "texture": "#0"
        },
        "down": {
          "uv": [
            1,
            13.875,
            0.75,
            13.375
          ],
          "texture": "#0"
        }
      }
    },
    {
      "from": [
        14,
        0,
        6.5
      ],
      "to": [
        19,
        1,
        10.5
      ],
      "rotation": {
        "angle": 0,
        "axis": "y",
        "origin": [
          6,
          2.5,
          15.5
        ]
      },
      "faces": {
        "north": {
          "uv": [
            2.25,
            13.875,
            1.625,
            14
          ],
          "texture": "#0"
        },
        "east": {
          "uv": [
            0.5,
            13.875,
            0,
            14
          ],
          "texture": "#0"
        },
        "south": {
          "uv": [
            1.125,
            13.875,
            0.5,
            14
          ],
          "texture": "#0"
        },
        "west": {
          "uv": [
            1.625,
            13.875,
            1.125,
            14
          ],
          "texture": "#0"
        },
        "up": {
          "uv": [
            1.125,
            13.375,
            0.5,
            13.875
          ],
          "texture": "#0"
        },
        "down": {
          "uv": [
            1.75,
            13.875,
            1.125,
            13.375
          ],
          "texture": "#0"
        }
      }
    },
    {
      "from": [
        1.99,
        7.99,
        -13.51
      ],
      "to": [
        14.01,
        13.01,
        -5.49
      ],
      "rotation": {
        "angle": 0,
        "axis": "y",
        "origin": [
          8,
          10.5,
          -9.5
        ]
      },
      "faces": {
        "north": {
          "uv": [
            15.875,
            2.875,
            14.375,
            3.5
          ],
          "texture": "#0"
        },
        "east": {
          "uv": [
            11.875,
            2.875,
            10.875,
            3.5
          ],
          "texture": "#0"
        },
        "south": {
          "uv": [
            13.375,
            2.875,
            11.875,
            3.5
          ],
          "texture": "#0"
        },
        "west": {
          "uv": [
            14.375,
            2.875,
            13.375,
            3.5
          ],
          "texture": "#0"
        },
        "up": {
          "uv": [
            13.375,
            1.875,
            11.875,
            2.875
          ],
          "texture": "#0"
        },
        "down": {
          "uv": [
            14.875,
            2.875,
            13.375,
            1.875
          ],
          "texture": "#0"
        }
      }
    },
    {
      "from": [
        2.5,
        13,
        -12.5
      ],
      "to": [
        13.5,
        15,
        -7.5
      ],
      "rotation": {
        "angle": 0,
        "axis": "y",
        "origin": [
          8.5,
          15.5,
          -9.5
        ]
      },
      "faces": {
        "north": {
          "uv": [
            15.625,
            0.875,
            14.25,
            1.125
          ],
          "texture": "#0"
        },
        "east": {
          "uv": [
            12.25,
            0.875,
            11.625,
            1.125
          ],
          "texture": "#0"
        },
        "south": {
          "uv": [
            13.625,
            0.875,
            12.25,
            1.125
          ],
          "texture": "#0"
        },
        "west": {
          "uv": [
            14.25,
            0.875,
            13.625,
            1.125
          ],
          "texture": "#0"
        },
        "up": {
          "uv": [
            13.625,
            0.25,
            12.25,
            0.875
          ],
          "texture": "#0"
        },
        "down": {
          "uv": [
            15,
            0.875,
            13.625,
            0.25
          ],
          "texture": "#0"
        }
      }
    }
  ],
  "groups": [
    {
      "name": "group",
      "origin": [
        8,
        8,
        8
      ],
      "color": 0,
      "children": [
        {
          "name": "group",
          "origin": [
            8,
            8,
            8
          ],
          "color": 0,
          "children": [
            0,
            1,
            2,
            {
              "name": "group",
              "origin": [
                7.75,
                2.5,
                6.5
              ],
              "color": 0,
              "children": [
                3,
                4,
                5,
                6
              ]
            }
          ]
        },
        {
          "name": "group",
          "origin": [
            8.5,
            15.5,
            25.5
          ],
          "color": 0,
          "children": [
            7,
            8
          ]
        }
      ]
    }
  ]
}