{
  "credit": "Made with Blockbench",
  "textures": {
    "0": "touhou_little_maid:block/maid_beacon",
    "particle": "touhou_little_maid:block/maid_beacon"
  },
  "elements": [
    {
      "from": [
        6.5,
        0,
        6.5
      ],
      "to": [
        9.5,
        5,
        9.5
      ],
      "rotation": {
        "angle": 0,
        "axis": "y",
        "origin": [
          8.5,
          1,
          8.5
        ]
      },
      "faces": {
        "north": {
          "uv": [
            0,
            15,
            1,
            16
          ],
          "texture": "#0"
        },
        "east": {
          "uv": [
            0,
            15,
            1,
            16
          ],
          "texture": "#0"
        },
        "south": {
          "uv": [
            0,
            15,
            1,
            16
          ],
          "texture": "#0"
        },
        "west": {
          "uv": [
            0,
            15,
            1,
            16
          ],
          "texture": "#0"
        },
        "up": {
          "uv": [
            0,
            15,
            1,
            16
          ],
          "texture": "#0"
        },
        "down": {
          "uv": [
            0,
            15,
            1,
            16
          ],
          "texture": "#0"
        }
      }
    },
    {
      "from": [
        7,
        1,
        7
      ],
      "to": [
        9,
        16,
        9
      ],
      "rotation": {
        "angle": 0,
        "axis": "y",
        "origin": [
          8,
          1,
          8
        ]
      },
      "faces": {
        "north": {
          "uv": [
            0,
            8,
            1,
            9
          ],
          "texture": "#0"
        },
        "east": {
          "uv": [
            0,
            8,
            1,
            9
          ],
          "texture": "#0"
        },
        "south": {
          "uv": [
            0,
            8,
            1,
            9
          ],
          "texture": "#0"
        },
        "west": {
          "uv": [
            0,
            8,
            1,
            9
          ],
          "texture": "#0"
        },
        "up": {
          "uv": [
            0,
            8,
            1,
            9
          ],
          "texture": "#0"
        },
        "down": {
          "uv": [
            0,
            8,
            1,
            9
          ],
          "texture": "#0"
        }
      }
    }
  ],
  "display": {
    "thirdperson_righthand": {
      "scale": [
        0.71,
        0.71,
        0.71
      ]
    },
    "thirdperson_lefthand": {
      "scale": [
        0.71,
        0.71,
        0.71
      ]
    },
    "firstperson_righthand": {
      "scale": [
        0.5,
        0.5,
        0.5
      ]
    },
    "firstperson_lefthand": {
      "scale": [
        0.5,
        0.5,
        0.5
      ]
    },
    "ground": {
      "scale": [
        0.5,
        0.5,
        0.5
      ]
    },
    "gui": {
      "rotation": [
        20,
        22,
        0
      ],
      "translation": [
        0,
        -4,
        -1.75
      ],
      "scale": [
        0.39,
        0.39,
        0.39
      ]
    },
    "head": {
      "translation": [
        0,
        -2.25,
        0
      ]
    },
    "fixed": {
      "rotation": [
        0,
        45,
        0
      ],
      "translation": [
        0,
        -3.75,
        -1.75
      ],
      "scale": [
        0.5,
        0.5,
        0.5
      ]
    }
  },
  "groups": [
    {
      "name": "down",
      "origin": [
        8,
        8,
        8
      ],
      "children": [
        0,
        1
      ]
    }
  ]
}