{
	"credit": "Made with Blockbench",
	"texture_size": [32, 32],
	"ambientocclusion": false,
	"render_type": "cutout",
	"textures": {
		"0": "touhou_little_maid:block/scarecrow",
		"particle": "touhou_little_maid:block/scarecrow"
	},
	"elements": [
		{
			"from": [1, 0, 1],
			"to": [15, 4, 15],
			"rotation": {"angle": 0, "axis": "y", "origin": [7.5, 0, 7.5]},
			"faces": {
				"north": {"uv": [6.5, 14, 13.5, 16], "texture": "#0"},
				"east": {"uv": [0, 14, 7, 16], "texture": "#0"},
				"south": {"uv": [9, 14, 16, 16], "texture": "#0"},
				"west": {"uv": [3, 14, 10, 16], "texture": "#0"},
				"up": {"uv": [10, 15, 3, 8], "texture": "#0"},
				"down": {"uv": [10, 7, 3, 14], "rotation": 180, "texture": "#0"}
			}
		},
		{
			"from": [5, 0, -4.5],
			"to": [11, 1, 0.5],
			"rotation": {"angle": 0, "axis": "y", "origin": [7.5, 0, 8.5]},
			"faces": {
				"north": {"uv": [2.5, 0.5, 5.5, 1], "texture": "#0"},
				"east": {"uv": [6, 4, 8.5, 4.5], "texture": "#0"},
				"south": {"uv": [3, 3.5, 6, 4], "texture": "#0"},
				"west": {"uv": [6.5, 0.5, 9, 1], "texture": "#0"},
				"up": {"uv": [5.5, 5.5, 2.5, 3], "texture": "#0"},
				"down": {"uv": [8.5, 3, 5.5, 5.5], "texture": "#0"}
			}
		},
		{
			"from": [6, 1, -3.5],
			"to": [10, 3, -0.5],
			"rotation": {"angle": 0, "axis": "y", "origin": [7.5, 0, 8.5]},
			"faces": {
				"north": {"uv": [14, 10.5, 16, 11.5], "texture": "#0"},
				"east": {"uv": [12.5, 9.5, 14, 10.5], "texture": "#0"},
				"south": {"uv": [14, 9.5, 16, 10.5], "texture": "#0"},
				"west": {"uv": [12.5, 10.5, 14, 11.5], "texture": "#0"},
				"up": {"uv": [12.5, 8.5, 10.5, 7], "texture": "#0"},
				"down": {"uv": [12.5, 8.5, 10.5, 10], "texture": "#0"}
			}
		},
		{
			"from": [2, 4, 2],
			"to": [14, 8, 14],
			"rotation": {"angle": 0, "axis": "y", "origin": [7.5, 0, 7.5]},
			"faces": {
				"north": {"uv": [3, 3.5, 9, 5.5], "texture": "#0"},
				"east": {"uv": [6.5, 5, 12.5, 7], "texture": "#0"},
				"south": {"uv": [10, 12, 16, 14], "texture": "#0"},
				"west": {"uv": [6.5, 10, 12.5, 12], "texture": "#0"},
				"up": {"uv": [9.5, 10, 3.5, 4], "texture": "#0"},
				"down": {"uv": [7, 6.5, 1, 12.5], "texture": "#0"}
			}
		}
	],
	"groups": [
		{
			"name": "bone",
			"origin": [0, 0, 0],
			"color": 0,
			"children": [
				0,
				1,
				{
					"name": "bone11",
					"origin": [-0.5, 0, -0.5],
					"color": 7,
					"children": [2]
				},
				3
			]
		}
	]
}