{
	"format_version": "1.12.0",
	"minecraft:geometry": [
		{
			"description": {
				"identifier": "geometry.model",
				"texture_width": 64,
				"texture_height": 64,
				"visible_bounds_width": 3,
				"visible_bounds_height": 2.5,
				"visible_bounds_offset": [0, 0.75, 0]
			},
			"bones": [
				{
					"name": "bone",
					"pivot": [0, 7.9, -3.75],
					"cubes": [
						{
							"origin": [-4.775, 11.375, 4.4125],
							"size": [9.55, 5.05, 2.05],
							"inflate": -0.95,
							"pivot": [0, 13.15, 5.475],
							"rotation": [-5, 0, 0],
							"uv": {
								"north": {"uv": [2, 38], "uv_size": [7, 4]},
								"east": {"uv": [0, 38], "uv_size": [2, 4]},
								"south": {"uv": [11, 38], "uv_size": [7, 4]},
								"west": {"uv": [9, 38], "uv_size": [2, 4]},
								"up": {"uv": [2, 36], "uv_size": [7, 2]},
								"down": {"uv": [9, 38], "uv_size": [7, -2]}
							}
						},
						{
							"origin": [-3.75, 10.9, 3.975],
							"size": [7.5, 4.5, 3],
							"pivot": [0, 13.15, 5.475],
							"rotation": [-5, 0, 0],
							"uv": {
								"north": {"uv": [40, 29], "uv_size": [5, 3]},
								"east": {"uv": [38, 29], "uv_size": [2, 3]},
								"south": {"uv": [47, 29], "uv_size": [5, 3]},
								"west": {"uv": [45, 29], "uv_size": [2, 3]},
								"up": {"uv": [40, 27], "uv_size": [5, 2]},
								"down": {"uv": [45, 29], "uv_size": [5, -2]}
							}
						},
						{
							"origin": [-5.25, -1.1, -0.9],
							"size": [10.5, 9, 6],
							"pivot": [0, 3.4, 2.1],
							"rotation": [-2.5, 0, 0],
							"uv": {
								"north": {"uv": [4, 20], "uv_size": [7, 6]},
								"east": {"uv": [0, 20], "uv_size": [4, 6]},
								"south": {"uv": [15, 20], "uv_size": [7, 6]},
								"west": {"uv": [11, 20], "uv_size": [4, 6]},
								"up": {"uv": [4, 16], "uv_size": [7, 4]},
								"down": {"uv": [11, 20], "uv_size": [7, -4]}
							}
						},
						{
							"origin": [-3.75, -0.49216, 4.45577],
							"size": [7.5, 10.5, 3],
							"pivot": [0, 4.75784, 5.95577],
							"rotation": [5, 0, 0],
							"uv": {
								"north": {"uv": [20, 41], "uv_size": [5, 7]},
								"east": {"uv": [18, 41], "uv_size": [2, 7]},
								"south": {"uv": [27, 41], "uv_size": [5, 7]},
								"west": {"uv": [25, 41], "uv_size": [2, 7]},
								"up": {"uv": [20, 39], "uv_size": [5, 2]},
								"down": {"uv": [25, 41], "uv_size": [5, -2]}
							}
						},
						{
							"origin": [-6.99975, -0.4889, -0.02073],
							"size": [3, 6.75, 4.5],
							"pivot": [-5.49975, 2.8861, 2.22927],
							"rotation": [-5, 15, -10],
							"uv": {
								"north": {"uv": [45, 3], "uv_size": [2, 4]},
								"east": {"uv": [42, 3], "uv_size": [3, 4]},
								"south": {"uv": [50, 3], "uv_size": [2, 4]},
								"west": {"uv": [47, 3], "uv_size": [3, 4]},
								"up": {"uv": [45, 0], "uv_size": [2, 3]},
								"down": {"uv": [47, 3], "uv_size": [2, -3]}
							}
						},
						{
							"origin": [-5.35, 7.05, -1.75],
							"size": [10.7, 9.2, 6.2],
							"inflate": 0.2,
							"pivot": [0, 13.9, 1.35],
							"rotation": [7.5, 0, 0],
							"uv": {
								"north": {"uv": [24, 4], "uv_size": [7, 6]},
								"east": {"uv": [20, 4], "uv_size": [4, 6]},
								"south": {"uv": [35, 4], "uv_size": [7, 6]},
								"west": {"uv": [31, 4], "uv_size": [4, 6]},
								"up": {"uv": [24, 0], "uv_size": [7, 4]},
								"down": {"uv": [31, 4], "uv_size": [7, -4]}
							}
						},
						{
							"origin": [3.99975, -0.4889, -0.02073],
							"size": [3, 6.75, 4.5],
							"pivot": [5.49975, 2.8861, 2.22927],
							"rotation": [-5, -15, 10],
							"uv": {
								"north": {"uv": [45, 11], "uv_size": [2, 4]},
								"east": {"uv": [42, 11], "uv_size": [3, 4]},
								"south": {"uv": [50, 11], "uv_size": [2, 4]},
								"west": {"uv": [47, 11], "uv_size": [3, 4]},
								"up": {"uv": [45, 8], "uv_size": [2, 3]},
								"down": {"uv": [47, 11], "uv_size": [2, -3]}
							}
						}
					]
				},
				{
					"name": "band3",
					"parent": "bone",
					"pivot": [2.25, 12.925, -2.625]
				},
				{
					"name": "bone2",
					"parent": "band3",
					"pivot": [3, 10.3015, -4.125],
					"cubes": [
						{
							"origin": [2.25, 9.80185, -5.62608],
							"size": [1.5, 0, 4.5],
							"uv": {
								"north": {"uv": [8, 3], "uv_size": [1, 0]},
								"east": {"uv": [5, 3], "uv_size": [3, 0]},
								"south": {"uv": [12, 3], "uv_size": [1, 0]},
								"west": {"uv": [9, 3], "uv_size": [3, 0]},
								"up": {"uv": [8, 0], "uv_size": [1, 3]},
								"down": {"uv": [9, 3], "uv_size": [1, -3]}
							}
						}
					]
				},
				{
					"name": "bone3",
					"parent": "band3",
					"pivot": [3.75, 11.95, -5.625],
					"rotation": [90.00021, 0, 0],
					"cubes": [
						{
							"origin": [2.25, 11.95109, -10.77166],
							"size": [1.5, 0, 3],
							"uv": {
								"north": {"uv": [8, 3], "uv_size": [1, 0]},
								"east": {"uv": [6, 3], "uv_size": [2, 0]},
								"south": {"uv": [11, 3], "uv_size": [1, 0]},
								"west": {"uv": [9, 3], "uv_size": [2, 0]},
								"up": {"uv": [8, 1], "uv_size": [1, 2]},
								"down": {"uv": [9, 3], "uv_size": [1, -2]}
							}
						}
					]
				},
				{
					"name": "bone4",
					"parent": "band3",
					"pivot": [3.75, 14.05, -9.375],
					"rotation": [120.00028, 0, 0],
					"cubes": [
						{
							"origin": [2.25, 14.4265, -26.5245],
							"size": [1.5, 0, 9],
							"uv": {
								"north": {"uv": [8, 11], "uv_size": [1, 0]},
								"east": {"uv": [2, 11], "uv_size": [6, 0]},
								"south": {"uv": [15, 11], "uv_size": [1, 0]},
								"west": {"uv": [9, 11], "uv_size": [6, 0]},
								"up": {"uv": [8, 5], "uv_size": [1, 6]},
								"down": {"uv": [9, 11], "uv_size": [1, -6]}
							}
						}
					]
				},
				{
					"name": "band2",
					"parent": "bone",
					"pivot": [-3.75, 12.925, -2.625]
				},
				{
					"name": "bone5",
					"parent": "band2",
					"pivot": [-3, 10.3015, -4.125],
					"cubes": [
						{
							"origin": [-3.75, 9.80185, -5.62608],
							"size": [1.5, 0, 4.5],
							"uv": {
								"north": {"uv": [8, 3], "uv_size": [1, 0]},
								"east": {"uv": [5, 3], "uv_size": [3, 0]},
								"south": {"uv": [12, 3], "uv_size": [1, 0]},
								"west": {"uv": [9, 3], "uv_size": [3, 0]},
								"up": {"uv": [8, 0], "uv_size": [1, 3]},
								"down": {"uv": [9, 3], "uv_size": [1, -3]}
							}
						}
					]
				},
				{
					"name": "bone6",
					"parent": "band2",
					"pivot": [-2.25, 11.95, -5.625],
					"rotation": [90.00021, 0, 0],
					"cubes": [
						{
							"origin": [-3.75, 11.95109, -10.77166],
							"size": [1.5, 0, 3],
							"uv": {
								"north": {"uv": [8, 3], "uv_size": [1, 0]},
								"east": {"uv": [6, 3], "uv_size": [2, 0]},
								"south": {"uv": [11, 3], "uv_size": [1, 0]},
								"west": {"uv": [9, 3], "uv_size": [2, 0]},
								"up": {"uv": [8, 1], "uv_size": [1, 2]},
								"down": {"uv": [9, 3], "uv_size": [1, -2]}
							}
						}
					]
				},
				{
					"name": "bone7",
					"parent": "band2",
					"pivot": [-2.25, 14.05, -9.375],
					"rotation": [120.00028, 0, 0],
					"cubes": [
						{
							"origin": [-3.75, 14.4265, -26.5245],
							"size": [1.5, 0, 9],
							"uv": {
								"north": {"uv": [8, 11], "uv_size": [1, 0]},
								"east": {"uv": [2, 11], "uv_size": [6, 0]},
								"south": {"uv": [15, 11], "uv_size": [1, 0]},
								"west": {"uv": [9, 11], "uv_size": [6, 0]},
								"up": {"uv": [8, 5], "uv_size": [1, 6]},
								"down": {"uv": [9, 11], "uv_size": [1, -6]}
							}
						}
					]
				},
				{
					"name": "straps",
					"parent": "bone",
					"pivot": [-15, 3.4, 2.1],
					"cubes": [
						{
							"origin": [-3.05, 10.85, 3.925],
							"size": [6.1, 4.6, 3.1],
							"inflate": 0.1,
							"pivot": [0, 13.15, 5.475],
							"rotation": [-5, 0, 0],
							"uv": {
								"north": {"uv": [43, 39], "uv_size": [4, 3]},
								"east": {"uv": [41, 39], "uv_size": [2, 3]},
								"south": {"uv": [49, 39], "uv_size": [4, 3]},
								"west": {"uv": [47, 39], "uv_size": [2, 3]},
								"up": {"uv": [43, 37], "uv_size": [4, 2]},
								"down": {"uv": [47, 39], "uv_size": [4, -2]}
							}
						},
						{
							"origin": [-2.55005, 6.39995, -1.50005],
							"size": [5.1001, 9.6001, 2.1001],
							"inflate": 0.6001,
							"pivot": [0, 13.9, 1.35],
							"rotation": [7.5, 0, 0],
							"uv": {
								"north": {"uv": [45, 17], "uv_size": [3, 6]},
								"east": {"uv": [44, 17], "uv_size": [1, 6]},
								"south": {"uv": [49, 17], "uv_size": [3, 6]},
								"west": {"uv": [48, 17], "uv_size": [1, 6]},
								"up": {"uv": [45, 16], "uv_size": [3, 1]},
								"down": {"uv": [48, 17], "uv_size": [3, -1]}
							}
						},
						{
							"origin": [-2.55, 6.4, -0.9],
							"size": [5.1, 9.6, 5.1],
							"inflate": 0.6,
							"pivot": [0, 13.9, 1.35],
							"rotation": [7.5, 0, 0],
							"uv": {
								"north": {"uv": [35, 42], "uv_size": [3, 6]},
								"east": {"uv": [32, 42], "uv_size": [3, 6]},
								"south": {"uv": [41, 42], "uv_size": [3, 6]},
								"west": {"uv": [38, 42], "uv_size": [3, 6]},
								"up": {"uv": [35, 39], "uv_size": [3, 3]},
								"down": {"uv": [38, 42], "uv_size": [3, -3]}
							}
						},
						{
							"origin": [-3.05, -1.15, -0.95],
							"size": [6.1, 9.1, 6.1],
							"inflate": 0.1,
							"pivot": [0, 3.4, 2.1],
							"rotation": [-2.5, 0, 0],
							"uv": {
								"north": {"uv": [4, 30], "uv_size": [4, 6]},
								"east": {"uv": [0, 30], "uv_size": [4, 6]},
								"south": {"uv": [12, 30], "uv_size": [4, 6]},
								"west": {"uv": [8, 30], "uv_size": [4, 6]},
								"up": {"uv": [4, 26], "uv_size": [4, 4]},
								"down": {"uv": [8, 30], "uv_size": [4, -4]}
							}
						},
						{
							"origin": [-3.05, -0.54215, 4.40577],
							"size": [6.1, 10.6, 3.1],
							"inflate": 0.1,
							"pivot": [0, 4.75784, 5.95577],
							"rotation": [5, 0, 0],
							"uv": {
								"north": {"uv": [2, 44], "uv_size": [4, 7]},
								"east": {"uv": [0, 44], "uv_size": [2, 7]},
								"south": {"uv": [8, 44], "uv_size": [4, 7]},
								"west": {"uv": [6, 44], "uv_size": [2, 7]},
								"up": {"uv": [2, 42], "uv_size": [4, 2]},
								"down": {"uv": [6, 44], "uv_size": [4, -2]}
							}
						}
					]
				},
				{
					"name": "zippers",
					"parent": "bone",
					"pivot": [0, 4.75784, -4.54423],
					"cubes": [
						{
							"origin": [-6.375, 7.525, 2.475],
							"size": [12.75, 9.75, 2.25],
							"inflate": -0.75,
							"pivot": [0, 13.9, 1.35],
							"rotation": [7.5, 0, 0],
							"uv": {
								"north": {"uv": [22, 12], "uv_size": [9, 7]},
								"east": {"uv": [20, 12], "uv_size": [2, 7]},
								"south": {"uv": [33, 12], "uv_size": [9, 7]},
								"west": {"uv": [31, 12], "uv_size": [2, 7]},
								"up": {"uv": [22, 10], "uv_size": [9, 2]},
								"down": {"uv": [31, 12], "uv_size": [9, -2]}
							}
						},
						{
							"origin": [-4.775, 11.375, 4.525],
							"size": [9.55, 5.05, 2.05],
							"inflate": -0.95,
							"pivot": [0, 13.15, 5.475],
							"rotation": [-5, 0, 0],
							"uv": {
								"north": {"uv": [2, 38], "uv_size": [7, 4]},
								"east": {"uv": [0, 38], "uv_size": [2, 4]},
								"south": {"uv": [11, 38], "uv_size": [7, 4]},
								"west": {"uv": [9, 38], "uv_size": [2, 4]},
								"up": {"uv": [2, 36], "uv_size": [7, 2]},
								"down": {"uv": [9, 38], "uv_size": [7, -2]}
							}
						},
						{
							"origin": [-4.775, 11.375, 4.6375],
							"size": [9.55, 5.05, 2.05],
							"inflate": -0.95,
							"pivot": [0, 13.15, 5.475],
							"rotation": [-5, 0, 0],
							"uv": {
								"north": {"uv": [2, 38], "uv_size": [7, 4]},
								"east": {"uv": [0, 38], "uv_size": [2, 4]},
								"south": {"uv": [11, 38], "uv_size": [7, 4]},
								"west": {"uv": [9, 38], "uv_size": [2, 4]},
								"up": {"uv": [2, 36], "uv_size": [7, 2]},
								"down": {"uv": [9, 38], "uv_size": [7, -2]}
							}
						},
						{
							"origin": [-4.775, 2.98284, 5.41826],
							"size": [9.55, 8.05, 2.05],
							"inflate": -0.95,
							"pivot": [0, 4.75784, 5.95577],
							"rotation": [5, 0, 0],
							"uv": {
								"north": {"uv": [18, 29], "uv_size": [7, 6]},
								"east": {"uv": [16, 29], "uv_size": [2, 6]},
								"south": {"uv": [27, 29], "uv_size": [7, 6]},
								"west": {"uv": [25, 29], "uv_size": [2, 6]},
								"up": {"uv": [18, 27], "uv_size": [7, 2]},
								"down": {"uv": [25, 29], "uv_size": [7, -2]}
							}
						},
						{
							"origin": [-4.775, 2.98284, 5.64327],
							"size": [9.55, 8.05, 2.05],
							"inflate": -0.95,
							"pivot": [0, 4.75784, 5.95577],
							"rotation": [5, 0, 0],
							"uv": {
								"north": {"uv": [18, 29], "uv_size": [7, 6]},
								"east": {"uv": [16, 29], "uv_size": [2, 6]},
								"south": {"uv": [27, 29], "uv_size": [7, 6]},
								"west": {"uv": [25, 29], "uv_size": [2, 6]},
								"up": {"uv": [18, 27], "uv_size": [7, 2]},
								"down": {"uv": [25, 29], "uv_size": [7, -2]}
							}
						},
						{
							"origin": [-4.775, 2.98284, 5.53076],
							"size": [9.55, 8.05, 2.05],
							"inflate": -0.95,
							"pivot": [0, 4.75784, 5.95577],
							"rotation": [5, 0, 0],
							"uv": {
								"north": {"uv": [18, 29], "uv_size": [7, 6]},
								"east": {"uv": [16, 29], "uv_size": [2, 6]},
								"south": {"uv": [27, 29], "uv_size": [7, 6]},
								"west": {"uv": [25, 29], "uv_size": [2, 6]},
								"up": {"uv": [18, 27], "uv_size": [7, 2]},
								"down": {"uv": [25, 29], "uv_size": [7, -2]}
							}
						},
						{
							"origin": [5.26225, 0.7361, -1.04573],
							"size": [2.05, 6.55, 6.55],
							"inflate": -0.95,
							"pivot": [5.49975, 2.8861, 2.22927],
							"rotation": [-5, -15, 10],
							"uv": {
								"north": {"uv": [34, 34], "uv_size": [2, 5]},
								"east": {"uv": [29, 34], "uv_size": [5, 5]},
								"south": {"uv": [41, 34], "uv_size": [2, 5]},
								"west": {"uv": [36, 34], "uv_size": [5, 5]},
								"up": {"uv": [34, 29], "uv_size": [2, 5]},
								"down": {"uv": [36, 34], "uv_size": [2, -5]}
							}
						},
						{
							"origin": [5.14975, 0.7361, -1.04573],
							"size": [2.05, 6.55, 6.55],
							"inflate": -0.95,
							"pivot": [5.49975, 2.8861, 2.22927],
							"rotation": [-5, -15, 10],
							"uv": {
								"north": {"uv": [34, 34], "uv_size": [2, 5]},
								"east": {"uv": [29, 34], "uv_size": [5, 5]},
								"south": {"uv": [41, 34], "uv_size": [2, 5]},
								"west": {"uv": [36, 34], "uv_size": [5, 5]},
								"up": {"uv": [34, 29], "uv_size": [2, 5]},
								"down": {"uv": [36, 34], "uv_size": [2, -5]}
							}
						},
						{
							"origin": [5.03725, 0.7361, -1.04573],
							"size": [2.05, 6.55, 6.55],
							"inflate": -0.95,
							"pivot": [5.49975, 2.8861, 2.22927],
							"rotation": [-5, -15, 10],
							"uv": {
								"north": {"uv": [34, 34], "uv_size": [2, 5]},
								"east": {"uv": [29, 34], "uv_size": [5, 5]},
								"south": {"uv": [41, 34], "uv_size": [2, 5]},
								"west": {"uv": [36, 34], "uv_size": [5, 5]},
								"up": {"uv": [34, 29], "uv_size": [2, 5]},
								"down": {"uv": [36, 34], "uv_size": [2, -5]}
							}
						},
						{
							"origin": [-7.08725, 0.7361, -1.04573],
							"size": [2.05, 6.55, 6.55],
							"inflate": -0.95,
							"pivot": [-5.49975, 2.8861, 2.22927],
							"rotation": [-5, 15, -10],
							"uv": {
								"north": {"uv": [36, 34], "uv_size": [-2, 5]},
								"east": {"uv": [41, 34], "uv_size": [-5, 5]},
								"south": {"uv": [43, 34], "uv_size": [-2, 5]},
								"west": {"uv": [34, 34], "uv_size": [-5, 5]},
								"up": {"uv": [36, 29], "uv_size": [-2, 5]},
								"down": {"uv": [38, 34], "uv_size": [-2, -5]}
							}
						},
						{
							"origin": [-7.19975, 0.7361, -1.04573],
							"size": [2.05, 6.55, 6.55],
							"inflate": -0.95,
							"pivot": [-5.49975, 2.8861, 2.22927],
							"rotation": [-5, 15, -10],
							"uv": {
								"north": {"uv": [36, 34], "uv_size": [-2, 5]},
								"east": {"uv": [41, 34], "uv_size": [-5, 5]},
								"south": {"uv": [43, 34], "uv_size": [-2, 5]},
								"west": {"uv": [34, 34], "uv_size": [-5, 5]},
								"up": {"uv": [36, 29], "uv_size": [-2, 5]},
								"down": {"uv": [38, 34], "uv_size": [-2, -5]}
							}
						},
						{
							"origin": [-7.31225, 0.7361, -1.04573],
							"size": [2.05, 6.55, 6.55],
							"inflate": -0.95,
							"pivot": [-5.49975, 2.8861, 2.22927],
							"rotation": [-5, 15, -10],
							"uv": {
								"north": {"uv": [36, 34], "uv_size": [-2, 5]},
								"east": {"uv": [41, 34], "uv_size": [-5, 5]},
								"south": {"uv": [43, 34], "uv_size": [-2, 5]},
								"west": {"uv": [34, 34], "uv_size": [-5, 5]},
								"up": {"uv": [36, 29], "uv_size": [-2, 5]},
								"down": {"uv": [38, 34], "uv_size": [-2, -5]}
							}
						},
						{
							"origin": [-6.375, 9.025, 0.6],
							"size": [12.75, 8.25, 2.25],
							"inflate": -0.75,
							"pivot": [0, 13.9, 1.35],
							"rotation": [7.5, 0, 0],
							"uv": {
								"north": {"uv": [24, 21], "uv_size": [9, 6]},
								"east": {"uv": [22, 21], "uv_size": [2, 6]},
								"south": {"uv": [35, 21], "uv_size": [9, 6]},
								"west": {"uv": [33, 21], "uv_size": [2, 6]},
								"up": {"uv": [24, 19], "uv_size": [9, 2]},
								"down": {"uv": [33, 21], "uv_size": [9, -2]}
							}
						}
					]
				}
			]
		}
	]
}