{
	"format_version": "1.12.0",
	"minecraft:geometry": [
		{
			"description": {
				"identifier": "geometry.model",
				"texture_width": 128,
				"texture_height": 128,
				"visible_bounds_width": 3,
				"visible_bounds_height": 2.5,
				"visible_bounds_offset": [0, 0.75, 0]
			},
			"bones": [
				{
					"name": "all",
					"pivot": [0, -3, 3]
				},
				{
					"name": "band2",
					"parent": "all",
					"pivot": [3, 7.25, -1]
				},
				{
					"name": "bone73",
					"parent": "band2",
					"pivot": [7, -5, 3],
					"cubes": [
						{"origin": [3, 10.501, -5.5], "size": [1, 0, 3], "uv": [92, 106]}
					]
				},
				{
					"name": "bone74",
					"parent": "band2",
					"pivot": [4, 11, -5.5],
					"rotation": [90.00021, 0, 0],
					"cubes": [
						{"origin": [3, 11.001, -9], "size": [1, 0, 3], "uv": [92, 106]}
					]
				},
				{
					"name": "bone75",
					"parent": "band2",
					"pivot": [4, 8, -5.5],
					"rotation": [120.00028, 0, 0],
					"cubes": [
						{"origin": [3, 8.251, -16.933], "size": [1, 0, 11], "uv": [84, 106]}
					]
				},
				{
					"name": "bone76",
					"parent": "band2",
					"pivot": [4, 11, -2.5],
					"rotation": [-58.00052, 0, 0],
					"cubes": [
						{"origin": [3, 10.735, -2.076], "size": [1, 0, 4], "uv": [92, 106]}
					]
				},
				{
					"name": "band",
					"parent": "all",
					"pivot": [-3, 7.25, -1]
				},
				{
					"name": "bone69",
					"parent": "band",
					"pivot": [0, -5, 3],
					"cubes": [
						{"origin": [-4, 10.501, -5.5], "size": [1, 0, 3], "uv": [92, 106]}
					]
				},
				{
					"name": "bone71",
					"parent": "band",
					"pivot": [-3, 11, -5.5],
					"rotation": [90.00021, 0, 0],
					"cubes": [
						{"origin": [-4, 11.001, -9], "size": [1, 0, 3], "uv": [92, 106]}
					]
				},
				{
					"name": "bone72",
					"parent": "band",
					"pivot": [-3, 8, -5.5],
					"rotation": [120.00028, 0, 0],
					"cubes": [
						{"origin": [-4, 8.251, -16.933], "size": [1, 0, 11], "uv": [84, 106]}
					]
				},
				{
					"name": "bone70",
					"parent": "band",
					"pivot": [-3, 11, -2.5],
					"rotation": [-58.00052, 0, 0],
					"cubes": [
						{"origin": [-4, 10.735, -2.076], "size": [1, 0, 4], "uv": [92, 106]}
					]
				},
				{
					"name": "decoration",
					"parent": "all",
					"pivot": [8.2, -1.6, 1.5],
					"rotation": [5.00192, 0, 0],
					"cubes": [
						{"origin": [7.45, -0.0981, 0.2064], "size": [1, 3, 3], "inflate": -0.4, "uv": [90, 56]},
						{"origin": [7.35, 0.9019, 0.5564], "size": [1, 1, 1], "inflate": -0.25, "uv": [64, 0]},
						{"origin": [7.35, 0.9019, 1.8564], "size": [1, 1, 1], "inflate": -0.25, "uv": [64, 0]}
					]
				},
				{
					"name": "bone49",
					"parent": "decoration",
					"pivot": [8.2, -1.6, 1.5],
					"cubes": [
						{"origin": [6.65, 1.9019, 0.1064], "size": [2, 3, 2], "inflate": -0.6, "uv": [88, 57]},
						{"origin": [6.65, 1.9019, 1.3064], "size": [2, 3, 2], "inflate": -0.6, "uv": [88, 57]}
					]
				},
				{
					"name": "bone51",
					"parent": "decoration",
					"pivot": [8.2, -1.6, 1.5],
					"rotation": [45.00011, 0, 0],
					"cubes": [
						{"origin": [7.5, -0.8214, 3.017], "size": [1, 1, 1], "inflate": -0.4, "uv": [64, 0]},
						{"origin": [7.5, -0.4214, 2.617], "size": [1, 1, 1], "inflate": -0.4, "uv": [64, 0]},
						{"origin": [7.5, -0.6214, 2.617], "size": [1, 1, 1], "inflate": -0.4, "uv": [64, 0]},
						{"origin": [7.5, -0.6214, 2.817], "size": [1, 1, 1], "inflate": -0.4, "uv": [64, 0]},
						{"origin": [7.5, -0.8214, 2.817], "size": [1, 1, 1], "inflate": -0.4, "uv": [64, 0]}
					]
				},
				{
					"name": "cone",
					"parent": "decoration",
					"pivot": [8.3, -1.5, 1.5],
					"cubes": [
						{"origin": [7.3, -2.2981, 1.2564], "size": [1, 3, 1], "inflate": -0.3, "uv": [96, 0]}
					]
				},
				{
					"name": "bone8",
					"parent": "cone",
					"pivot": [8.3, -1.5, 1.5],
					"rotation": [-9.00117, 0, 0],
					"cubes": [
						{"origin": [7.3, -2.2206, 1.3287], "size": [1, 3, 1], "inflate": -0.3, "uv": [96, 0]}
					]
				},
				{
					"name": "bone52",
					"parent": "cone",
					"pivot": [8.3, -1.5, 1.5],
					"rotation": [9.00117, 0, 0],
					"cubes": [
						{"origin": [7.3, -2.3008, 1.1778], "size": [1, 3, 1], "inflate": -0.3, "uv": [96, 0]}
					]
				},
				{
					"name": "bone53",
					"parent": "cone",
					"pivot": [8.3, -1.5, 1.5],
					"rotation": [18.00233, 0, 0],
					"cubes": [
						{"origin": [7.3, -2.2912, 1.0997], "size": [1, 3, 1], "inflate": -0.3, "uv": [96, 0]}
					]
				},
				{
					"name": "bone50",
					"parent": "cone",
					"pivot": [8.3, -1.5, 1.5],
					"rotation": [-18.00233, 0, 0],
					"cubes": [
						{"origin": [7.3, -2.1327, 1.388], "size": [1, 3, 1], "inflate": -0.3, "uv": [96, 0]}
					]
				},
				{
					"name": "web",
					"parent": "decoration",
					"pivot": [7.5, -1.6, 1.5],
					"rotation": [-30.00007, 0, 0],
					"cubes": [
						{"origin": [7.46, -1.3532, 0.2113], "size": [1, 2, 1], "inflate": -0.45, "uv": [64, 0]},
						{"origin": [7.46, -2.0532, 0.9113], "size": [1, 2, 1], "inflate": -0.45, "uv": [64, 0]},
						{"origin": [7.46, -0.9532, 0.9113], "size": [1, 2, 1], "inflate": -0.45, "uv": [64, 0]}
					]
				},
				{
					"name": "web2",
					"parent": "decoration",
					"pivot": [7.5, -1.6, 1.5],
					"rotation": [30.00007, 0, 0],
					"cubes": [
						{"origin": [7.46, -1.6096, 2.2132], "size": [1, 2, 1], "inflate": -0.45, "uv": [64, 0]},
						{"origin": [7.46, -2.3096, 1.5132], "size": [1, 2, 1], "inflate": -0.45, "uv": [64, 0]},
						{"origin": [7.46, -1.2096, 1.5132], "size": [1, 2, 1], "inflate": -0.45, "uv": [64, 0]}
					]
				},
				{
					"name": "paw",
					"parent": "all",
					"pivot": [0, -3, 3],
					"cubes": [
						{"origin": [9.4822, 8.3, 1.078], "size": [4, 3, 3], "inflate": 0.25, "uv": [96, 64]},
						{"origin": [9.4822, 8.3, 4.578], "size": [4, 3, 2], "inflate": 0.25, "uv": [96, 64]}
					]
				},
				{
					"name": "bone",
					"parent": "paw",
					"pivot": [8, -3, -5],
					"rotation": [0, -90.00021, 0],
					"cubes": [
						{"origin": [14.3458, 8.8, -4.75], "size": [5, 2, 1], "uv": [96, 64]},
						{"origin": [14.3458, 8.3, -6.25], "size": [5, 3, 1], "uv": [96, 64]},
						{"origin": [14.0958, 8.3, -5.5], "size": [5, 3, 1], "inflate": -0.25, "uv": [96, 64]}
					]
				},
				{
					"name": "bone77",
					"parent": "bone",
					"pivot": [8, -3, -5],
					"rotation": [-39.99818, 0, 0],
					"cubes": [
						{"origin": [14.3458, 6.3749, -12.9129], "size": [5, 2, 11], "uv": [96, 64]}
					]
				},
				{
					"name": "bone39",
					"parent": "paw",
					"pivot": [12, 8.55, 3.8458],
					"rotation": [0, -90.00021, 0],
					"cubes": [
						{"origin": [11.5, 7.8, 1.8458], "size": [1, 1, 1], "inflate": 0.25, "uv": [96, 0]},
						{"origin": [10.4393, 7.8, 2.9065], "size": [1, 1, 1], "inflate": 0.25, "uv": [96, 0]},
						{"origin": [11.4393, 7.55, 2.9065], "size": [1, 1, 1], "uv": [96, 0]},
						{"origin": [11.5, 7.8, 3.9671], "size": [1, 1, 1], "inflate": 0.25, "uv": [96, 0]},
						{"origin": [12.5607, 7.8, 2.9065], "size": [1, 1, 1], "inflate": 0.25, "uv": [96, 0]}
					]
				},
				{
					"name": "bone37",
					"parent": "paw",
					"pivot": [12, 8.55, 3.8458],
					"rotation": [0, -45.00011, 0],
					"cubes": [
						{"origin": [11.8107, 7.8, 1.9745], "size": [1, 1, 1], "inflate": 0.25, "uv": [96, 0]},
						{"origin": [10.75, 7.8, 3.0351], "size": [1, 1, 1], "inflate": 0.25, "uv": [96, 0]},
						{"origin": [11.8107, 7.8, 4.0958], "size": [1, 1, 1], "inflate": 0.25, "uv": [96, 0]},
						{"origin": [12.8713, 7.8, 3.0351], "size": [1, 1, 1], "inflate": 0.25, "uv": [96, 0]}
					]
				},
				{
					"name": "toe",
					"parent": "paw",
					"pivot": [18.25, 10.25, 3.75],
					"cubes": [
						{"origin": [13.25, 8.3, 2.8458], "size": [2, 3, 2], "inflate": 0.25, "uv": [96, 64]}
					]
				},
				{
					"name": "bone14",
					"parent": "toe",
					"pivot": [18.25, 10.25, 3.75],
					"rotation": [0, -9.99811, 9.99811],
					"cubes": [
						{"origin": [14.383, 9.0839, 3.5044], "size": [3, 1, 1], "uv": [96, 32]}
					]
				},
				{
					"name": "bone21",
					"parent": "toe",
					"pivot": [18.25, 10.25, 3.75],
					"rotation": [0, 9.99811, 9.99811],
					"cubes": [
						{"origin": [14.3483, 9.0839, 3.1925], "size": [3, 1, 1], "uv": [96, 32]}
					]
				},
				{
					"name": "bone28",
					"parent": "toe",
					"pivot": [18.25, 10.25, 3.75],
					"rotation": [0, -9.99811, -9.99811],
					"cubes": [
						{"origin": [14.212, 9.4312, 3.5346], "size": [3, 1, 1], "uv": [96, 32]}
					]
				},
				{
					"name": "bone27",
					"parent": "toe",
					"pivot": [18.25, 10.25, 3.75],
					"rotation": [0, 9.99811, -9.99811],
					"cubes": [
						{"origin": [14.1773, 9.4312, 3.1624], "size": [3, 1, 1], "uv": [96, 32]}
					]
				},
				{
					"name": "toe2",
					"parent": "paw",
					"pivot": [18.25, 10.25, 3.75],
					"rotation": [0, -45.00011, 0],
					"cubes": [
						{"origin": [15.007, 8.3, 6.8961], "size": [2, 3, 2], "inflate": 0.25, "uv": [96, 64]}
					]
				},
				{
					"name": "bone29",
					"parent": "toe2",
					"pivot": [18.25, 10.25, 3.75],
					"rotation": [0, -9.99811, 9.99811],
					"cubes": [
						{"origin": [16.7904, 9.3891, 7.1928], "size": [3, 1, 1], "uv": [96, 32]}
					]
				},
				{
					"name": "bone30",
					"parent": "toe2",
					"pivot": [18.25, 10.25, 3.75],
					"rotation": [0, 9.99811, 9.99811],
					"cubes": [
						{"origin": [15.349, 9.3891, 7.4819], "size": [3, 1, 1], "uv": [96, 32]}
					]
				},
				{
					"name": "bone31",
					"parent": "toe2",
					"pivot": [18.25, 10.25, 3.75],
					"rotation": [0, -9.99811, -9.99811],
					"cubes": [
						{"origin": [16.6194, 9.1261, 7.2229], "size": [3, 1, 1], "uv": [96, 32]}
					]
				},
				{
					"name": "bone32",
					"parent": "toe2",
					"pivot": [18.25, 10.25, 3.75],
					"rotation": [0, 9.99811, -9.99811],
					"cubes": [
						{"origin": [15.178, 9.1261, 7.4517], "size": [3, 1, 1], "uv": [96, 32]}
					]
				},
				{
					"name": "toe3",
					"parent": "paw",
					"pivot": [18.25, 10.25, 3.75],
					"rotation": [0, 45.00011, 0],
					"cubes": [
						{"origin": [14.8716, 8.3, -1.2607], "size": [2, 3, 2], "inflate": 0.25, "uv": [96, 64]}
					]
				},
				{
					"name": "bone33",
					"parent": "toe3",
					"pivot": [18.25, 10.25, 3.75],
					"rotation": [0, -9.99811, 9.99811],
					"cubes": [
						{"origin": [15.2427, 9.3655, -0.817], "size": [3, 1, 1], "uv": [96, 32]}
					]
				},
				{
					"name": "bone34",
					"parent": "toe3",
					"pivot": [18.25, 10.25, 3.75],
					"rotation": [0, 9.99811, 9.99811],
					"cubes": [
						{"origin": [16.6341, 9.3655, -0.5742], "size": [3, 1, 1], "uv": [96, 32]}
					]
				},
				{
					"name": "bone35",
					"parent": "toe3",
					"pivot": [18.25, 10.25, 3.75],
					"rotation": [0, -9.99811, -9.99811],
					"cubes": [
						{"origin": [15.0717, 9.1497, -0.7868], "size": [3, 1, 1], "uv": [96, 32]}
					]
				},
				{
					"name": "bone36",
					"parent": "toe3",
					"pivot": [18.25, 10.25, 3.75],
					"rotation": [0, 9.99811, -9.99811],
					"cubes": [
						{"origin": [16.4631, 9.1497, -0.6044], "size": [3, 1, 1], "uv": [96, 32]}
					]
				},
				{
					"name": "bag",
					"parent": "all",
					"pivot": [0, -3, 3],
					"cubes": [
						{"origin": [-8, -0.2, -1], "size": [16, 9, 1], "uv": [94, 96]}
					]
				},
				{
					"name": "upper",
					"parent": "bag",
					"pivot": [0, -3, 3]
				},
				{
					"name": "bone2",
					"parent": "upper",
					"pivot": [0, 13, -1],
					"rotation": [-15.00004, 0, 0],
					"cubes": [
						{"origin": [-8, 8.9431, 0.087], "size": [16, 1, 1], "uv": [94, 96]}
					]
				},
				{
					"name": "bone3",
					"parent": "upper",
					"pivot": [0, 13, -1],
					"rotation": [-30.00007, 0, 0],
					"cubes": [
						{"origin": [-8, 10.3286, 0.8412], "size": [16, 1, 1], "uv": [94, 96]}
					]
				},
				{
					"name": "bone4",
					"parent": "upper",
					"pivot": [0, 13, -1],
					"rotation": [-45.00011, 0, 0],
					"cubes": [
						{"origin": [-8, 11.8621, 1.211], "size": [16, 1, 1], "uv": [94, 96]}
					]
				},
				{
					"name": "bone5",
					"parent": "upper",
					"pivot": [0, 13, -1],
					"rotation": [-60.00014, 0, 0],
					"cubes": [
						{"origin": [-8, 13.4391, 1.1714], "size": [16, 1, 1], "uv": [94, 96]}
					]
				},
				{
					"name": "bone6",
					"parent": "upper",
					"pivot": [0, 13, -1],
					"rotation": [-75.00018, 0, 0],
					"cubes": [
						{"origin": [-8, 14.952, 0.7249], "size": [16, 1, 1], "uv": [94, 96]}
					]
				},
				{
					"name": "bone7",
					"parent": "upper",
					"pivot": [0, 13, -1],
					"rotation": [-90.00021, 0, 0],
					"cubes": [
						{"origin": [-8, 16.2979, -0.0979], "size": [16, 3, 1], "uv": [94, 96]}
					]
				},
				{
					"name": "lower",
					"parent": "bag",
					"pivot": [0, 13, 3]
				},
				{
					"name": "bone15",
					"parent": "lower",
					"pivot": [0, -3, -1],
					"rotation": [15.00004, 0, 0],
					"cubes": [
						{"origin": [-8, -1.2954, -0.2753], "size": [16, 1, 1], "uv": [94, 96]}
					]
				},
				{
					"name": "bone16",
					"parent": "lower",
					"pivot": [0, -3, -1],
					"rotation": [30.00007, 0, 0],
					"cubes": [
						{"origin": [-8, -2.5411, 0.1412], "size": [16, 1, 1], "uv": [94, 96]}
					]
				},
				{
					"name": "bone17",
					"parent": "lower",
					"pivot": [0, -3, -1],
					"rotation": [45.00011, 0, 0],
					"cubes": [
						{"origin": [-8, -3.8521, 0.2211], "size": [16, 1, 1], "uv": [94, 96]}
					]
				},
				{
					"name": "bone18",
					"parent": "lower",
					"pivot": [0, -3, -1],
					"rotation": [60.00014, 0, 0],
					"cubes": [
						{"origin": [-8, -5.1391, -0.0411], "size": [16, 1, 1], "uv": [94, 96]}
					]
				},
				{
					"name": "bone19",
					"parent": "lower",
					"pivot": [0, -3, -1],
					"rotation": [75.00018, 0, 0],
					"cubes": [
						{"origin": [-8, -6.3144, -0.6274], "size": [16, 1, 1], "uv": [94, 96]}
					]
				},
				{
					"name": "bone20",
					"parent": "lower",
					"pivot": [0, -3, -1],
					"rotation": [90.00021, 0, 0],
					"cubes": [
						{"origin": [-8, -10.2979, -1.4979], "size": [16, 4, 1], "uv": [94, 96]}
					]
				},
				{
					"name": "upper2",
					"parent": "bag",
					"pivot": [0, -3, 3]
				},
				{
					"name": "bone9",
					"parent": "upper2",
					"pivot": [0, 13, 7],
					"rotation": [15.00004, 0, 0],
					"cubes": [
						{"origin": [-8, 5.5301, 6.4543], "size": [16, 4, 1], "uv": [94, 96]}
					]
				},
				{
					"name": "bone10",
					"parent": "upper2",
					"pivot": [0, 13, 7],
					"rotation": [30.00007, 0, 0],
					"cubes": [
						{"origin": [-8, 9.5307, 5.5408], "size": [16, 1, 1], "uv": [94, 96]},
						{"origin": [2.25, 8.0307, 4.5908], "size": [4, 4, 3], "inflate": -1, "uv": [64, 25]},
						{"origin": [-6.25, 8.0307, 4.5908], "size": [4, 4, 3], "inflate": -1, "uv": [64, 25]}
					]
				},
				{
					"name": "bone11",
					"parent": "upper2",
					"pivot": [0, 13, 7],
					"rotation": [45.00011, 0, 0],
					"cubes": [
						{"origin": [-8, 10.7337, 4.9173], "size": [16, 1, 1], "uv": [94, 96]}
					]
				},
				{
					"name": "bone12",
					"parent": "upper2",
					"pivot": [0, 13, 7],
					"rotation": [60.00014, 0, 0],
					"cubes": [
						{"origin": [-8, 12.0571, 4.6265], "size": [16, 1, 1], "uv": [94, 96]}
					]
				},
				{
					"name": "bone13",
					"parent": "upper2",
					"pivot": [0, 13, 7],
					"rotation": [75.00018, 0, 0],
					"cubes": [
						{"origin": [-8, 13.4106, 4.6881], "size": [16, 1, 1], "uv": [94, 96]}
					]
				},
				{
					"name": "lower2",
					"parent": "bag",
					"pivot": [0, 13, 5.1]
				},
				{
					"name": "bone22",
					"parent": "lower2",
					"pivot": [0, -3, 9.1],
					"rotation": [-15.00004, 0, 0],
					"cubes": [
						{"origin": [-8, -1.1671, 7.8542], "size": [16, 1, 1], "uv": [94, 96]}
					]
				},
				{
					"name": "bone40",
					"parent": "lower2",
					"pivot": [0, -3, 9.1],
					"cubes": [
						{"origin": [-8, -0.2, 8.5958], "size": [16, 1, 1], "uv": [94, 96]}
					]
				},
				{
					"name": "bone23",
					"parent": "lower2",
					"pivot": [0, -3, 9.1],
					"rotation": [-30.00007, 0, 0],
					"cubes": [
						{"origin": [-8, -2.2932, 7.3882], "size": [16, 1, 1], "uv": [94, 96]}
					]
				},
				{
					"name": "bone24",
					"parent": "lower2",
					"pivot": [0, -3, 9.1],
					"rotation": [-45.00011, 0, 0],
					"cubes": [
						{"origin": [-8, -3.5015, 7.2295], "size": [16, 1, 1], "uv": [94, 96]}
					]
				},
				{
					"name": "bone25",
					"parent": "lower2",
					"pivot": [0, -3, 9.1],
					"rotation": [-60.00014, 0, 0],
					"cubes": [
						{"origin": [-8, -4.7097, 7.3889], "size": [16, 1, 1], "uv": [94, 96]}
					]
				},
				{
					"name": "bone26",
					"parent": "lower2",
					"pivot": [0, -3, 9.1],
					"rotation": [-75.00018, 0, 0],
					"cubes": [
						{"origin": [-8, -5.8355, 7.8557], "size": [16, 1, 1], "uv": [94, 96]}
					]
				},
				{
					"name": "bone44",
					"parent": "lower2",
					"pivot": [0, -3, 5.1],
					"rotation": [15.00004, 0, 0],
					"cubes": [
						{"origin": [-8, -0.4931, 9.4261], "size": [16, 9, 1], "uv": [94, 96]}
					]
				},
				{
					"name": "feet",
					"parent": "lower2",
					"pivot": [4, -3, 9.1],
					"cubes": [
						{"origin": [3.5, -0.5, 9.1], "size": [1, 2, 1], "inflate": -0.3, "uv": [64, 0]}
					]
				},
				{
					"name": "bone65",
					"parent": "feet",
					"pivot": [4, -3, 9.1],
					"rotation": [-15.00004, 0, 0],
					"cubes": [
						{"origin": [3.5, -1.8142, 8.3515], "size": [1, 2, 1], "inflate": -0.3, "uv": [64, 0]}
					]
				},
				{
					"name": "bone63",
					"parent": "feet",
					"pivot": [4, -3, 9.1],
					"rotation": [0, 0, -60.00014],
					"cubes": [
						{"origin": [6.0249, -1.7268, 9.1], "size": [1, 2, 1], "inflate": -0.3, "uv": [64, 0]}
					]
				},
				{
					"name": "bone64",
					"parent": "feet",
					"pivot": [4, -3, 9.1],
					"rotation": [0, 0, 60.00014],
					"cubes": [
						{"origin": [0.9751, -1.7268, 9.1], "size": [1, 2, 1], "inflate": -0.3, "uv": [64, 0]}
					]
				},
				{
					"name": "feet2",
					"parent": "lower2",
					"pivot": [-4, -3, 9.1],
					"cubes": [
						{"origin": [-4.5, -0.5, 9.1], "size": [1, 2, 1], "inflate": -0.3, "uv": [64, 0]}
					]
				},
				{
					"name": "bone66",
					"parent": "feet2",
					"pivot": [-4, -3, 9.1],
					"rotation": [-15.00004, 0, 0],
					"cubes": [
						{"origin": [-4.5, -1.8142, 8.3515], "size": [1, 2, 1], "inflate": -0.3, "uv": [64, 0]}
					]
				},
				{
					"name": "bone67",
					"parent": "feet2",
					"pivot": [-4, -3, 9.1],
					"rotation": [0, 0, -60.00014],
					"cubes": [
						{"origin": [-1.9751, -1.7268, 9.1], "size": [1, 2, 1], "inflate": -0.3, "uv": [64, 0]}
					]
				},
				{
					"name": "bone68",
					"parent": "feet2",
					"pivot": [-4, -3, 9.1],
					"rotation": [0, 0, 60.00014],
					"cubes": [
						{"origin": [-7.0249, -1.7268, 9.1], "size": [1, 2, 1], "inflate": -0.3, "uv": [64, 0]}
					]
				},
				{
					"name": "bagLeft",
					"parent": "bag",
					"pivot": [-0.1, -3, 2.75],
					"rotation": [0, -90.00021, 0],
					"cubes": [
						{"origin": [-3.1, -1.2, -5.25], "size": [7, 10, 0], "uv": [89, 106]},
						{"origin": [-2.6, -2.2, -5.25], "size": [8, 1, 0], "uv": [88, 116]},
						{"origin": [-1.6, -3.2, -5.25], "size": [6, 1, 0], "uv": [90, 117]}
					]
				},
				{
					"name": "bone45",
					"parent": "bagLeft",
					"pivot": [-0.1, -3, 2.75],
					"rotation": [0, 0, -15.00004],
					"cubes": [
						{"origin": [3.5296, -2.6966, -5.25], "size": [3, 10, 0], "uv": [94, 106]}
					]
				},
				{
					"name": "bagRight",
					"parent": "bag",
					"pivot": [0.1, -3, 2.75],
					"rotation": [0, 90.00021, 0],
					"cubes": [
						{"origin": [-3.9, -1.2, -5.25], "size": [7, 10, 0], "uv": [89, 106], "mirror": true},
						{"origin": [-5.4, -2.2, -5.25], "size": [8, 1, 0], "uv": [88, 116], "mirror": true},
						{"origin": [-4.4, -3.2, -5.25], "size": [6, 1, 0], "uv": [90, 117], "mirror": true}
					]
				},
				{
					"name": "bone46",
					"parent": "bagRight",
					"pivot": [0.1, -3, 2.75],
					"rotation": [0, 0, 15.00004],
					"cubes": [
						{"origin": [-6.5296, -2.6966, -5.25], "size": [3, 10, 0], "uv": [94, 106], "mirror": true}
					]
				},
				{
					"name": "pocketLeft",
					"parent": "bag",
					"pivot": [0, -1.5, 3.9],
					"cubes": [
						{"origin": [7.9, 3, 2.45], "size": [1, 4, 4], "uv": [96, 120]},
						{"origin": [8.9, 6.1, 2.45], "size": [0, 1, 4], "inflate": 0.1, "uv": [96, 32]},
						{"origin": [7.7, 7.1, 2.45], "size": [1, 0, 4], "inflate": 0.1, "uv": [96, 32]}
					]
				},
				{
					"name": "bone38",
					"parent": "pocketLeft",
					"pivot": [-1.6, 6, 4.15],
					"rotation": [-45.00011, 0, 0],
					"cubes": [
						{"origin": [8.4, 6.005, 3.1621], "size": [1, 1, 1], "inflate": -0.3, "uv": [124, 126]},
						{"origin": [8.4, 6.005, 3.5621], "size": [1, 1, 1], "inflate": -0.3, "uv": [124, 126]},
						{"origin": [8.4, 6.405, 3.5621], "size": [1, 1, 1], "inflate": -0.3, "uv": [124, 126]}
					]
				},
				{
					"name": "pocketRight",
					"parent": "bag",
					"pivot": [0.4, -3, 3.3],
					"cubes": [
						{"origin": [-9.6, 0.5, 3.3], "size": [1, 5, 1], "uv": [124, 123]},
						{"origin": [-9.6, 1.25, 3.3], "size": [1, 1, 1], "inflate": 0.1, "uv": [96, 32]},
						{"origin": [-9.6, 3.75, 3.3], "size": [1, 1, 1], "inflate": 0.1, "uv": [96, 32]},
						{"origin": [-8.7515, 1.25, 2.4515], "size": [1, 1, 1], "inflate": 0.1, "uv": [96, 32]},
						{"origin": [-8.7515, 3.75, 2.4515], "size": [1, 1, 1], "inflate": 0.1, "uv": [96, 32]},
						{"origin": [-8.7515, 1.25, 4.1485], "size": [1, 1, 1], "inflate": 0.1, "uv": [96, 32]},
						{"origin": [-8.7515, 3.75, 4.1485], "size": [1, 1, 1], "inflate": 0.1, "uv": [96, 32]},
						{"origin": [-8.8929, 0.5, 2.5929], "size": [1, 5, 1], "uv": [124, 123]},
						{"origin": [-8.8929, 0.5, 4.0071], "size": [1, 5, 1], "uv": [124, 123]},
						{"origin": [-8.8929, -0.2071, 3.3], "size": [1, 1, 1], "uv": [124, 123]}
					]
				},
				{
					"name": "bone56",
					"parent": "pocketRight",
					"pivot": [0.4, -3, 3.3],
					"rotation": [0, 0, 45.00011],
					"cubes": [
						{"origin": [-9.1459, -7.5962, 3.3], "size": [1, 1, 1], "uv": [124, 123]}
					]
				},
				{
					"name": "bone55",
					"parent": "pocketRight",
					"pivot": [0.4, -3, 3.3],
					"rotation": [-45.00011, 0, 0],
					"cubes": [
						{"origin": [-8.8929, -1.0251, 0.3251], "size": [1, 1, 1], "uv": [124, 123]},
						{"origin": [-8.8929, -0.318, 1.0322], "size": [1, 1, 1], "uv": [124, 123]}
					]
				},
				{
					"name": "bone54",
					"parent": "pocketRight",
					"pivot": [0.4, -3, 3.3],
					"rotation": [0, -45.00011, 0],
					"cubes": [
						{"origin": [-5.964, 0.5, 10.0782], "size": [1, 5, 1], "uv": [124, 123]},
						{"origin": [-6.6711, 0.5, 9.3711], "size": [1, 5, 1], "uv": [124, 123]},
						{"origin": [-6.7125, 1.25, 9.2711], "size": [1, 1, 1], "inflate": 0.1, "uv": [96, 32]},
						{"origin": [-6.7125, 3.75, 9.2711], "size": [1, 1, 1], "inflate": 0.1, "uv": [96, 32]},
						{"origin": [-5.864, 1.25, 10.1196], "size": [1, 1, 1], "inflate": 0.1, "uv": [96, 32]},
						{"origin": [-5.864, 3.75, 10.1196], "size": [1, 1, 1], "inflate": 0.1, "uv": [96, 32]}
					]
				},
				{
					"name": "bear",
					"parent": "pocketRight",
					"pivot": [0.1, -3, 2.75],
					"cubes": [
						{"origin": [-13.4, 2, -0.75], "size": [9, 9, 9], "inflate": -3.5, "uv": [64, 46]},
						{"origin": [-9.4, 6, 3.25], "size": [1, 1, 1], "inflate": 0.4, "uv": [94, 62]},
						{"origin": [-9.9, 6.35, 1.9], "size": [1, 2, 2], "inflate": -0.45, "uv": [90, 58]},
						{"origin": [-9.9, 6.35, 3.6], "size": [1, 2, 2], "inflate": -0.45, "uv": [90, 58]}
					]
				},
				{
					"name": "beak",
					"parent": "bag",
					"pivot": [0, 8.2, 10.2],
					"rotation": [-15.00004, 0, 0]
				},
				{
					"name": "bone57",
					"parent": "beak",
					"pivot": [0, 8.2, 10.2],
					"rotation": [-5.00192, 0, 0],
					"cubes": [
						{"origin": [-0.5, 7.2302, 8.371], "size": [1, 1, 2], "uv": [96, 0]}
					]
				},
				{
					"name": "bone58",
					"parent": "beak",
					"pivot": [0, 8.2, 10.2],
					"rotation": [9.99811, 0, 0],
					"cubes": [
						{"origin": [-0.5, 7.2019, 8.2436], "size": [1, 1, 2], "uv": [96, 0]}
					]
				},
				{
					"name": "bone61",
					"parent": "beak",
					"pivot": [0, 8.2, 10.2],
					"rotation": [5.00192, 30.00007, 0],
					"cubes": [
						{"origin": [-0.5195, 7.2238, 7.1015], "size": [1, 1, 3], "uv": [96, 0]}
					]
				},
				{
					"name": "bone62",
					"parent": "beak",
					"pivot": [0, 8.2, 10.2],
					"rotation": [5.00192, -30.00007, 0],
					"cubes": [
						{"origin": [-0.4805, 7.2238, 7.1015], "size": [1, 1, 3], "uv": [96, 0]}
					]
				},
				{
					"name": "bone59",
					"parent": "beak",
					"pivot": [0, 8.2, 10.2],
					"rotation": [0, -15.00004, 0],
					"cubes": [
						{"origin": [-0.4723, 7.2151, 8.2377], "size": [1, 1, 2], "uv": [102, 0]}
					]
				},
				{
					"name": "bone60",
					"parent": "beak",
					"pivot": [0, 8.2, 10.2],
					"rotation": [0, 15.00004, 0],
					"cubes": [
						{"origin": [-0.5277, 7.2151, 8.2377], "size": [1, 1, 2], "uv": [102, 0]}
					]
				},
				{
					"name": "sign",
					"parent": "all",
					"pivot": [7, -4.2, 6.6]
				},
				{
					"name": "bone47",
					"parent": "sign",
					"pivot": [7, -4.2, 6.6],
					"rotation": [0, 180.00042, 0],
					"cubes": [
						{"origin": [-5.001, -10.5, -5.4], "size": [24, 24, 24], "inflate": -11.1, "uv": [0, 64]}
					]
				},
				{
					"name": "bone43",
					"parent": "sign",
					"pivot": [7, -4.2, 6.6],
					"rotation": [0, -90.00021, 0],
					"cubes": [
						{"origin": [-5, -12.3, -5.401], "size": [24, 24, 24], "inflate": -11.1, "uv": [0, 64]}
					]
				},
				{
					"name": "bone48",
					"parent": "sign",
					"pivot": [7, -4.2, 6.6],
					"cubes": [
						{"origin": [3.601, -5.5, 3.2], "size": [8, 8, 8], "inflate": -3.7, "uv": [0, 112]}
					]
				},
				{
					"name": "bone41",
					"parent": "sign",
					"pivot": [7, -4.2, 6.6],
					"rotation": [0, -90.00021, 0],
					"cubes": [
						{"origin": [3, -5.5, 1.999], "size": [8, 8, 8], "inflate": -3.7, "uv": [0, 112]}
					]
				},
				{
					"name": "bone42",
					"parent": "sign",
					"pivot": [7, -4.2, 6.6],
					"rotation": [0, 180.00042, 0],
					"cubes": [
						{"origin": [2.399, -5.5, 3.2], "size": [8, 8, 8], "inflate": -3.7, "uv": [0, 112]}
					]
				}
			]
		}
	]
}