{
	"format_version": "1.12.0",
	"minecraft:geometry": [
		{
			"description": {
				"identifier": "geometry.model",
				"texture_width": 128,
				"texture_height": 128,
				"visible_bounds_width": 3,
				"visible_bounds_height": 4.5,
				"visible_bounds_offset": [0, 1.75, 0]
			},
			"bones": [
				{
					"name": "main",
					"pivot": [0, -10, 1]
				},
				{
					"name": "bone466",
					"parent": "main",
					"pivot": [0, -10, 1],
					"cubes": [
						{"origin": [-5, 1, -1], "size": [1, 14, 1], "uv": [0, 80]},
						{"origin": [4, 1, -1], "size": [1, 14, 1], "uv": [75, 65]},
						{"origin": [-6, 11, -1], "size": [12, 1, 1], "inflate": -0.1, "uv": [68, 41]}
					]
				},
				{
					"name": "bone36",
					"parent": "bone466",
					"pivot": [0, 18.5, -0.5],
					"cubes": [
						{"origin": [-6, 26, -1], "size": [12, 1, 1], "inflate": -0.1, "uv": [68, 35]},
						{"origin": [-6, 24, -1], "size": [12, 1, 1], "inflate": -0.1, "uv": [68, 32]},
						{"origin": [-5, 15, -1], "size": [1, 14, 1], "uv": [72, 0]},
						{"origin": [4, 15, -1], "size": [1, 14, 1], "uv": [70, 65]}
					]
				},
				{
					"name": "bone10",
					"parent": "bone36",
					"pivot": [0, 18.5, -0.5],
					"rotation": [-22.5, 0, 0],
					"cubes": [
						{"origin": [-5.5, 24.46716, 11.82122], "size": [11, 1, 1], "inflate": -0.1, "uv": [68, 47]},
						{"origin": [-5, 24.46716, -16.67878], "size": [1, 1, 30], "inflate": -0.1, "uv": [35, 33]},
						{"origin": [-4.5, 24.46716, -15.67878], "size": [9, 1, 28], "inflate": -0.3, "uv": [0, 0]},
						{"origin": [4, 24.46716, -16.67878], "size": [1, 1, 30], "inflate": -0.1, "uv": [49, 0]},
						{"origin": [-5.5, 24.46716, -16.17878], "size": [11, 1, 1], "inflate": -0.1, "uv": [68, 50]}
					]
				},
				{
					"name": "bone",
					"parent": "bone466",
					"pivot": [-3.5, 9.5, -0.5],
					"rotation": [45, 0, 0],
					"cubes": [
						{"origin": [3, 9, -1], "size": [1, 1, 1], "inflate": 0.15, "uv": [88, 15]},
						{"origin": [-4, 9, -1], "size": [1, 1, 1], "inflate": 0.15, "uv": [88, 15]}
					]
				},
				{
					"name": "bone2",
					"parent": "bone466",
					"pivot": [-3.5, 3.5, -0.5],
					"rotation": [45, 0, 0],
					"cubes": [
						{"origin": [3, 3, -1], "size": [1, 1, 1], "inflate": 0.15, "uv": [88, 15]},
						{"origin": [-4, 3, -1], "size": [1, 1, 1], "inflate": 0.15, "uv": [88, 15]}
					]
				},
				{
					"name": "bone3",
					"parent": "bone466",
					"pivot": [0, 2.31389, 2.23702],
					"cubes": [
						{"origin": [-5.5, 3.65, -0.25], "size": [11, 1, 10], "inflate": -0.25, "uv": [3, 68]},
						{"origin": [-6, 3, -1], "size": [12, 1, 1], "inflate": -0.1, "uv": [68, 44]},
						{"origin": [-6, 3, 7.5], "size": [12, 1, 1], "inflate": -0.1, "uv": [68, 38]},
						{"origin": [-5, 3, -1.5], "size": [1, 1, 12], "inflate": -0.1, "uv": [37, 68]},
						{"origin": [4, 3, -1.5], "size": [1, 1, 12], "inflate": -0.1, "uv": [55, 70]}
					]
				},
				{
					"name": "bone467",
					"parent": "bone3",
					"pivot": [0, 2.31389, 2.23702],
					"rotation": [22.5, 0, 0],
					"cubes": [
						{"origin": [4, 1.81389, -0.76298], "size": [1, 1, 6], "inflate": -0.2, "uv": [0, 30]},
						{"origin": [-5, 1.81389, -0.76298], "size": [1, 1, 6], "inflate": -0.2, "uv": [12, 14]}
					]
				},
				{
					"name": "bone22",
					"parent": "bone466",
					"pivot": [4, 8.90165, -2.8731]
				},
				{
					"name": "bone23",
					"parent": "bone22",
					"pivot": [4, 8.90165, -2.8731],
					"cubes": [
						{"origin": [3, 8.90165, -4.8731], "size": [1, 1, 4], "inflate": 0.025, "uv": [86, 15], "mirror": true}
					]
				},
				{
					"name": "bone30",
					"parent": "bone22",
					"pivot": [4, 8.90165, -2.8731],
					"cubes": [
						{"origin": [3, 3.90165, -5.8731], "size": [1, 6, 1], "uv": [89, 18], "mirror": true}
					]
				},
				{
					"name": "bone31",
					"parent": "bone22",
					"pivot": [3.5, 3.40165, -0.8731],
					"rotation": [-14, 0, 0],
					"cubes": [
						{"origin": [3, 2.90165, -5.8731], "size": [1, 1, 5], "inflate": 0.025, "uv": [85, 14], "mirror": true}
					]
				},
				{
					"name": "bone24",
					"parent": "bone466",
					"pivot": [-4, 8.90165, -2.8731]
				},
				{
					"name": "bone25",
					"parent": "bone24",
					"pivot": [-4, 8.90165, -2.8731],
					"cubes": [
						{"origin": [-4, 8.90165, -4.8731], "size": [1, 1, 4], "inflate": 0.025, "uv": [86, 15]}
					]
				},
				{
					"name": "bone26",
					"parent": "bone24",
					"pivot": [-4, 8.90165, -2.8731],
					"cubes": [
						{"origin": [-4, 3.90165, -5.8731], "size": [1, 6, 1], "uv": [89, 18]}
					]
				},
				{
					"name": "bone27",
					"parent": "bone24",
					"pivot": [-3.5, 3.40165, -0.8731],
					"rotation": [-14, 0, 0],
					"cubes": [
						{"origin": [-4, 2.90165, -5.8731], "size": [1, 1, 5], "inflate": 0.025, "uv": [85, 14]}
					]
				},
				{
					"name": "bone4",
					"parent": "bone466",
					"pivot": [0, 8.31389, 2.23702],
					"cubes": [
						{"origin": [-5.5, 9.65, -0.25], "size": [11, 1, 11], "inflate": -0.25, "uv": [2, 67]},
						{"origin": [-6, 9, -1], "size": [12, 1, 1], "inflate": -0.1, "uv": [68, 44]},
						{"origin": [-6, 9, 9.5], "size": [12, 1, 1], "inflate": -0.1, "uv": [68, 38]},
						{"origin": [-5, 9, -1.5], "size": [1, 1, 13], "inflate": -0.1, "uv": [36, 67]},
						{"origin": [4, 9, -1.5], "size": [1, 1, 13], "inflate": -0.1, "uv": [54, 69]}
					]
				},
				{
					"name": "bone5",
					"parent": "bone4",
					"pivot": [0, 8.31389, 2.23702],
					"rotation": [22.5, 0, 0],
					"cubes": [
						{"origin": [4, 7.81389, -0.76298], "size": [1, 1, 6], "inflate": -0.2, "uv": [0, 30]},
						{"origin": [-5, 7.81389, -0.76298], "size": [1, 1, 6], "inflate": -0.2, "uv": [12, 14]}
					]
				},
				{
					"name": "bone8",
					"parent": "bone4",
					"pivot": [0, 15.51389, 5.23702]
				},
				{
					"name": "bone6",
					"parent": "bone8",
					"pivot": [0, 15.51389, 5.23702],
					"cubes": [
						{"origin": [-4.5, 10.01389, 3.23702], "size": [9, 8, 4], "inflate": -0.23, "uv": [102, 70]},
						{"origin": [-5, 16.71389, 3.73702], "size": [10, 1, 3], "inflate": -0.23, "uv": [94, 91]},
						{"origin": [-2, 10.01389, 0.73702], "size": [4, 8, 9], "inflate": -0.23, "uv": [102, 70]}
					]
				},
				{
					"name": "bone7",
					"parent": "bone8",
					"pivot": [0, 15.51389, 5.23702],
					"rotation": [0, -45, 0],
					"cubes": [
						{"origin": [-4.5, 10.01389, 3.23702], "size": [9, 8, 4], "inflate": -0.23, "uv": [102, 70]},
						{"origin": [-2, 10.01389, 0.73702], "size": [4, 8, 9], "inflate": -0.23, "uv": [102, 70]}
					]
				},
				{
					"name": "bone19",
					"parent": "bone4",
					"pivot": [0, 15.31389, 5.23702]
				},
				{
					"name": "bone20",
					"parent": "bone19",
					"pivot": [0, 15.31389, 5.23702],
					"cubes": [
						{"origin": [-4.5, 9.81389, 3.33702], "size": [9, 1, 3.8], "inflate": -0.03, "uv": [51, 87]},
						{"origin": [-1.9, 9.81389, 0.73702], "size": [3.8, 1, 9], "inflate": -0.03, "uv": [51, 87]}
					]
				},
				{
					"name": "bone21",
					"parent": "bone19",
					"pivot": [0, 15.31389, 5.23702],
					"rotation": [0, -45, 0],
					"cubes": [
						{"origin": [-4.5, 9.81389, 3.33702], "size": [9, 1, 3.8], "inflate": -0.03, "uv": [51, 87]},
						{"origin": [-1.9, 9.81389, 0.73702], "size": [3.8, 1, 9], "inflate": -0.03, "uv": [51, 87]}
					]
				},
				{
					"name": "bone16",
					"parent": "bone4",
					"pivot": [0, 17.81389, 5.23702]
				},
				{
					"name": "bone17",
					"parent": "bone16",
					"pivot": [0, 17.81389, 5.23702],
					"cubes": [
						{"origin": [-4, 19.31389, 3.48702], "size": [8, 1, 3.5], "inflate": -0.13, "uv": [106, 33]},
						{"origin": [-1.75, 19.31389, 1.23702], "size": [3.5, 1, 8], "inflate": -0.13, "uv": [106, 33]}
					]
				},
				{
					"name": "bone18",
					"parent": "bone16",
					"pivot": [0, 17.81389, 5.23702],
					"rotation": [0, -45, 0],
					"cubes": [
						{"origin": [-4, 19.31389, 3.48702], "size": [8, 1, 3.5], "inflate": -0.13, "uv": [106, 33]},
						{"origin": [-1.75, 19.31389, 1.23702], "size": [3.5, 1, 8], "inflate": -0.13, "uv": [106, 33]}
					]
				},
				{
					"name": "bone13",
					"parent": "bone4",
					"pivot": [0, 17.56389, 5.23702]
				},
				{
					"name": "bone14",
					"parent": "bone13",
					"pivot": [0, 17.56389, 5.23702],
					"cubes": [
						{"origin": [-2, 19.06389, 4.73702], "size": [4, 1, 1], "inflate": 0.565, "uv": [113, 44]},
						{"origin": [-0.5, 19.06389, 3.23702], "size": [1, 1, 4], "inflate": 0.565, "uv": [113, 44]},
						{"origin": [-1, 20.31389, 4.73702], "size": [2, 1, 1], "inflate": -0.089, "uv": [122, 94]}
					]
				},
				{
					"name": "bone15",
					"parent": "bone13",
					"pivot": [0, 17.56389, 5.23702],
					"rotation": [0, -45, 0],
					"cubes": [
						{"origin": [-2, 19.06389, 4.73702], "size": [4, 1, 1], "inflate": 0.565, "uv": [113, 44]},
						{"origin": [-0.5, 19.06389, 3.23702], "size": [1, 1, 4], "inflate": 0.565, "uv": [113, 44]}
					]
				},
				{
					"name": "bone9",
					"parent": "bone4",
					"pivot": [0, -10.4, 1]
				},
				{
					"name": "bone11",
					"parent": "bone9",
					"pivot": [0, 23.11389, 5.23702],
					"cubes": [
						{"origin": [-3.5, 17.61389, 3.73702], "size": [7, 2, 3], "inflate": -0.089, "uv": [106, 53]},
						{"origin": [-1.5, 17.61389, 1.73702], "size": [3, 2, 7], "inflate": -0.089, "uv": [106, 55]},
						{"origin": [-1, 18.61389, 0.93702], "size": [2, 2, 1], "inflate": -0.089, "uv": [117, 83]},
						{"origin": [-0.5, 18.81389, 8.53702], "size": [1, 2, 1], "inflate": -0.089, "uv": [123, 88]},
						{"origin": [-4.4, 18.81389, 4.73702], "size": [1, 2, 1], "inflate": -0.089, "uv": [123, 88]},
						{"origin": [3.4, 18.81389, 4.73702], "size": [1, 2, 1], "inflate": -0.089, "uv": [123, 88], "mirror": true}
					]
				},
				{
					"name": "bone12",
					"parent": "bone9",
					"pivot": [0, 23.11389, 5.23702],
					"rotation": [0, -45, 0],
					"cubes": [
						{"origin": [-3.5, 17.61389, 3.73702], "size": [7, 2, 3], "inflate": -0.089, "uv": [106, 53]},
						{"origin": [-1.5, 17.61389, 1.73702], "size": [3, 2, 7], "inflate": -0.089, "uv": [106, 55]}
					]
				},
				{
					"name": "bench",
					"parent": "bone466",
					"pivot": [0, 6.4, 4.75],
					"rotation": [0, -90, 0],
					"cubes": [
						{"origin": [-10, -1.6, -5.3], "size": [16, 16, 16], "inflate": -6, "uv": [0, 96]},
						{"origin": [-6, -1.6, -5.3], "size": [16, 16, 16], "inflate": -6, "uv": [64, 96]}
					]
				},
				{
					"name": "bench2",
					"parent": "bench",
					"pivot": [0, 6.4, 6.75],
					"rotation": [-180, 0, 180],
					"cubes": [
						{"origin": [-10, -1.6, -1.3], "size": [16, 16, 16], "inflate": -6, "uv": [0, 96]},
						{"origin": [-6, -1.6, -1.3], "size": [16, 16, 16], "inflate": -6, "uv": [64, 96]}
					]
				}
			]
		}
	]
}